bash tooling/recovery/run_database_recovery_audit.sh
== Git status ==
?? Code-Review-And-ToDo/recovery-reports/
?? Makefile.recovery
?? tooling/recovery/
== Extract backup database files ==
Extracted 356 files
Report: Code-Review-And-ToDo/recovery-reports/database-extracted-backup-files.md
== Make old-to-new map ==
Wrote Code-Review-And-ToDo/recovery-reports/database-old-to-new-map.md; mapped 356 files
== Composer/autoload ==
./composer.json is valid
Generating optimized autoload files
Class Avax\Components\Identity\Credentials\System\Capabilities\Passkey\TestSupport\VerifiedPasskeyAuthentication located in ./tests/Support/Identity/Credentials/Passkey/VerifiedPasskeyAuthentication.php does not comply with psr-4 autoloading standard (rule: Avax\Tests\ => ./tests). Skipping.
Class Avax\Components\Identity\Credentials\System\Capabilities\Passkey\TestSupport\PasskeyRuntimeInterface located in ./tests/Support/Identity/Credentials/Passkey/PasskeyRuntimeInterface.php does not comply with psr-4 autoloading standard (rule: Avax\Tests\ => ./tests). Skipping.
Class Avax\Components\Identity\Credentials\System\Capabilities\Passkey\TestSupport\ResolvedPasskeyCredential located in ./tests/Support/Identity/Credentials/Passkey/ResolvedPasskeyCredential.php does not comply with psr-4 autoloading standard (rule: Avax\Tests\ => ./tests). Skipping.
Class Avax\Components\Identity\Credentials\System\Capabilities\Passkey\TestSupport\PasskeyCredentialStoreInterface located in ./tests/Support/Identity/Credentials/Passkey/PasskeyCredentialStoreInterface.php does not comply with psr-4 autoloading standard (rule: Avax\Tests\ => ./tests). Skipping.
Class Avax\Components\Identity\Credentials\System\Capabilities\Passkey\TestSupport\PasskeyChallengeStoreInterface located in ./tests/Support/Identity/Credentials/Passkey/PasskeyChallengeStoreInterface.php does not comply with psr-4 autoloading standard (rule: Avax\Tests\ => ./tests). Skipping.
Class Avax\Components\Identity\Credentials\System\Capabilities\Passkey\TestSupport\InMemoryPasskeyChallengeStore located in ./tests/Support/Identity/Credentials/Passkey/InMemoryPasskeyChallengeStore.php does not comply with psr-4 autoloading standard (rule: Avax\Tests\ => ./tests). Skipping.
Class Avax\Components\Identity\Credentials\System\Capabilities\Passkey\TestSupport\PasskeyChallengeRecord located in ./tests/Support/Identity/Credentials/Passkey/PasskeyChallengeRecord.php does not comply with psr-4 autoloading standard (rule: Avax\Tests\ => ./tests). Skipping.
Class Avax\Components\Identity\Credentials\System\Capabilities\Passkey\TestSupport\InMemoryPasskeyCredentialStore located in ./tests/Support/Identity/Credentials/Passkey/InMemoryPasskeyCredentialStore.php does not comply with psr-4 autoloading standard (rule: Avax\Tests\ => ./tests). Skipping.
Class Avax\Components\Identity\Credentials\System\Capabilities\Passkey\TestSupport\PasskeyCredential located in ./tests/Support/Identity/Credentials/Passkey/PasskeyCredential.php does not comply with psr-4 autoloading standard (rule: Avax\Tests\ => ./tests). Skipping.
Class Avax\Components\Identity\Credentials\System\Capabilities\Passkey\TestSupport\PasskeyChallengePurpose located in ./tests/Support/Identity/Credentials/Passkey/PasskeyChallengePurpose.php does not comply with psr-4 autoloading standard (rule: Avax\Tests\ => ./tests). Skipping.
Class Avax\Components\Identity\Credentials\System\Capabilities\Passkey\TestSupport\PruneExpiredPasskeyChallengesInterface located in ./tests/Support/Identity/Credentials/Passkey/PruneExpiredPasskeyChallengesInterface.php does not comply with psr-4 autoloading standard (rule: Avax\Tests\ => ./tests). Skipping.
Class Avax\Framework\System\Runtime\RunApplication\Capabilities\RunApplicationOnWorkerman located in ./framework/System/Capabilities/Runtime/Capabilities/RunApplicationOnWorkerman.php does not comply with psr-4 autoloading standard (rule: Avax\Framework\ => ./framework). Skipping.
Class Avax\Framework\System\Runtime\RunApplication\Capabilities\RunApplicationOnSwoole located in ./framework/System/Capabilities/Runtime/Capabilities/RunApplicationOnSwoole.php does not comply with psr-4 autoloading standard (rule: Avax\Framework\ => ./framework). Skipping.
Class Avax\Framework\System\Runtime\RunApplication\Capabilities\RunApplicationOnRoadRunner located in ./framework/System/Capabilities/Runtime/Capabilities/RunApplicationOnRoadRunner.php does not comply with psr-4 autoloading standard (rule: Avax\Framework\ => ./framework). Skipping.
Class Avax\Framework\System\Runtime\RunApplication\Capabilities\RunApplicationOnFrankenPhp located in ./framework/System/Capabilities/Runtime/Capabilities/RunApplicationOnFrankenPhp.php does not comply with psr-4 autoloading standard (rule: Avax\Framework\ => ./framework). Skipping.
Class Avax\Components\Identity\Security\Encryption\Contracts\StringEncrypterInterface located in ./components/Identity/Security/Encryption/Contracts/EncrypterInterface.php does not comply with psr-4 autoloading standard (rule: Avax\Components\ => ./components). Skipping.
Class xhp_ located in ./components/compat.php does not comply with psr-4 autoloading standard (rule: Avax\Components\ => ./components). Skipping.
Class Avax\Components\Server\System\Capabilities\RunApplicationOnRunApplicationOnPhpBuiltInServer located in ./components/Server/System/Capabilities/PhpBuiltInServer.php does not comply with psr-4 autoloading standard (rule: Avax\Components\ => ./components). Skipping.
Class Avax\Components\CLI\Commands\System\Capabilities\Generators\ControllerGeneratorInterface located in ./components/CLI/Commands/System/Capabilities/Generators/GeneratorInterfaces.php does not comply with psr-4 autoloading standard (rule: Avax\Components\ => ./components). Skipping.
Class Avax\Components\CLI\Commands\System\Capabilities\Generators\EntityGeneratorInterface located in ./components/CLI/Commands/System/Capabilities/Generators/GeneratorInterfaces.php does not comply with psr-4 autoloading standard (rule: Avax\Components\ => ./components). Skipping.
Class Avax\Components\CLI\Commands\System\Capabilities\Generators\RepositoryGeneratorInterface located in ./components/CLI/Commands/System/Capabilities/Generators/GeneratorInterfaces.php does not comply with psr-4 autoloading standard (rule: Avax\Components\ => ./components). Skipping.
Class Avax\Components\CLI\Commands\System\Capabilities\Generators\CapabilityGeneratorInterface located in ./components/CLI/Commands/System/Capabilities/Generators/GeneratorInterfaces.php does not comply with psr-4 autoloading standard (rule: Avax\Components\ => ./components). Skipping.
Class Avax\Components\Application\Filesystem\System\Capabilities\AsyncIO\SyncOperationPromise located in ./components/Application/Filesystem/System/Capabilities/AsyncIO/outside.php does not comply with psr-4 autoloading standard (rule: Avax\Components\ => ./components). Skipping.
Class Avax\Components\Application\Filesystem\System\Capabilities\AsyncIO\AsyncOperationPromise located in ./components/Application/Filesystem/System/Capabilities/AsyncIO/for.php does not comply with psr-4 autoloading standard (rule: Avax\Components\ => ./components). Skipping.
Class Avax\Components\Application\Config\System\Capabilities\EnvironmentAwareness\EnvironmentPolicies located in ./components/Application/Config/System/Capabilities/EnvironmentAwareness/Policies/EnvironmentPolicies.php does not comply with psr-4 autoloading standard (rule: Avax\Components\ => ./components). Skipping.
Class Avax\Components\Application\Config\System\Capabilities\EnvironmentAwareness\StagingPolicy located in ./components/Application/Config/System/Capabilities/EnvironmentAwareness/Policies/EnvironmentPolicies.php does not comply with psr-4 autoloading standard (rule: Avax\Components\ => ./components). Skipping.
Class Avax\Components\Application\Config\System\Capabilities\EnvironmentAwareness\ProductionPolicy located in ./components/Application/Config/System/Capabilities/EnvironmentAwareness/Policies/EnvironmentPolicies.php does not comply with psr-4 autoloading standard (rule: Avax\Components\ => ./components). Skipping.
Class Avax\Components\Application\Config\System\Capabilities\EnvironmentAwareness\TestingPolicy located in ./components/Application/Config/System/Capabilities/EnvironmentAwareness/Policies/EnvironmentPolicies.php does not comply with psr-4 autoloading standard (rule: Avax\Components\ => ./components). Skipping.
Class Avax\Components\Application\Config\System\Capabilities\Configuration\FileLoader\FileLoader located in ./components/Application/Config/System/Capabilities/Configuration/FileLoader/supports.php does not comply with psr-4 autoloading standard (rule: Avax\Components\ => ./components). Skipping.
Class Avax\Components\Application\Config\System\Capabilities\Configuration\FileLoader\ConfigLoader located in ./components/Application/Config/System/Capabilities/Configuration/FileLoader/defines.php does not comply with psr-4 autoloading standard (rule: Avax\Components\ => ./components). Skipping.
Class Psr\Container\ContainerInterface located in ./components/Application/Container/tests/bootstrap.php does not comply with psr-4 autoloading standard (rule: Avax\Components\ => ./components). Skipping.
Class Psr\Container\ContainerExceptionInterface located in ./components/Application/Container/tests/bootstrap.php does not comply with psr-4 autoloading standard (rule: Avax\Components\ => ./components). Skipping.
Class Psr\Container\NotFoundExceptionInterface located in ./components/Application/Container/tests/bootstrap.php does not comply with psr-4 autoloading standard (rule: Avax\Components\ => ./components). Skipping.
Class HotPathInlinerSmokeTest located in ./components/Application/Container/tests/Capabilities/Runtime/HotPathInlinerSmokeTest.php does not comply with psr-4 autoloading standard (rule: Avax\Components\ => ./components). Skipping.
Class DependencyPoolSmokeTest located in ./components/Application/Container/tests/Capabilities/Runtime/DependencyPoolSmokeTest.php does not comply with psr-4 autoloading standard (rule: Avax\Components\ => ./components). Skipping.
Class AdvancedLifetimeSmokeTest located in ./components/Application/Container/tests/Capabilities/Runtime/Scopes/AdvancedLifetimeSmokeTest.php does not comply with psr-4 autoloading standard (rule: Avax\Components\ => ./components). Skipping.
Class WarmSingletonService located in ./components/Application/Container/tests/Capabilities/Runtime/Scopes/AdvancedLifetimeSmokeTest.php does not comply with psr-4 autoloading standard (rule: Avax\Components\ => ./components). Skipping.
Class LazySingletonService located in ./components/Application/Container/tests/Capabilities/Runtime/Scopes/AdvancedLifetimeSmokeTest.php does not comply with psr-4 autoloading standard (rule: Avax\Components\ => ./components). Skipping.
Class RequestScopedDisposableService located in ./components/Application/Container/tests/Capabilities/Runtime/Scopes/AdvancedLifetimeSmokeTest.php does not comply with psr-4 autoloading standard (rule: Avax\Components\ => ./components). Skipping.
Class SharedDisposableService located in ./components/Application/Container/tests/Capabilities/Runtime/Scopes/AdvancedLifetimeSmokeTest.php does not comply with psr-4 autoloading standard (rule: Avax\Components\ => ./components). Skipping.
Class PlainTransientDependency located in ./components/Application/Container/tests/Capabilities/Runtime/Scopes/AdvancedLifetimeSmokeTest.php does not comply with psr-4 autoloading standard (rule: Avax\Components\ => ./components). Skipping.
Class SharedCapturesTransientService located in ./components/Application/Container/tests/Capabilities/Runtime/Scopes/AdvancedLifetimeSmokeTest.php does not comply with psr-4 autoloading standard (rule: Avax\Components\ => ./components). Skipping.
Class SharedCapturesRequestScopedService located in ./components/Application/Container/tests/Capabilities/Runtime/Scopes/AdvancedLifetimeSmokeTest.php does not comply with psr-4 autoloading standard (rule: Avax\Components\ => ./components). Skipping.
Class InvalidDisposableService located in ./components/Application/Container/tests/Capabilities/Runtime/Scopes/AdvancedLifetimeSmokeTest.php does not comply with psr-4 autoloading standard (rule: Avax\Components\ => ./components). Skipping.
Class InvalidTransientDisposableService located in ./components/Application/Container/tests/Capabilities/Runtime/Scopes/AdvancedLifetimeSmokeTest.php does not comply with psr-4 autoloading standard (rule: Avax\Components\ => ./components). Skipping.
Class JobScopedService located in ./components/Application/Container/tests/Capabilities/Runtime/Scopes/AdvancedLifetimeSmokeTest.php does not comply with psr-4 autoloading standard (rule: Avax\Components\ => ./components). Skipping.
Class ManageScopesSmokeTest located in ./components/Application/Container/tests/Capabilities/Runtime/Scopes/ManageScopesSmokeTest.php does not comply with psr-4 autoloading standard (rule: Avax\Components\ => ./components). Skipping.
Class CreateDependencyBlueprintSmokeTest located in ./components/Application/Container/tests/Capabilities/Declaration/Blueprints/CreateDependencyBlueprintSmokeTest.php does not comply with psr-4 autoloading standard (rule: Avax\Components\ => ./components). Skipping.
Class CallArgumentGreeterContract located in ./components/Application/Container/tests/Capabilities/Execution/Injection/Invocation/ResolveCallArgumentsSmokeTest.php does not comply with psr-4 autoloading standard (rule: Avax\Components\ => ./components). Skipping.
Class ResolveCallArgumentsSmokeTest located in ./components/Application/Container/tests/Capabilities/Execution/Injection/Invocation/ResolveCallArgumentsSmokeTest.php does not comply with psr-4 autoloading standard (rule: Avax\Components\ => ./components). Skipping.
Class CallArgumentTarget located in ./components/Application/Container/tests/Capabilities/Execution/Injection/Invocation/ResolveCallArgumentsSmokeTest.php does not comply with psr-4 autoloading standard (rule: Avax\Components\ => ./components). Skipping.
Class OpenScopeSmokeTest located in ./components/Application/Container/tests/Flows/OpenScope/OpenScopeSmokeTest.php does not comply with psr-4 autoloading standard (rule: Avax\Components\ => ./components). Skipping.
Class CloseScopeSmokeTest located in ./components/Application/Container/tests/Flows/CloseScope/CloseScopeSmokeTest.php does not comply with psr-4 autoloading standard (rule: Avax\Components\ => ./components). Skipping.
Class DeferredProvidedContract located in ./components/Application/Container/tests/Flows/BootProviders/BootProvidersSmokeTest.php does not comply with psr-4 autoloading standard (rule: Avax\Components\ => ./components). Skipping.
Class BootProvidersSmokeTest located in ./components/Application/Container/tests/Flows/BootProviders/BootProvidersSmokeTest.php does not comply with psr-4 autoloading standard (rule: Avax\Components\ => ./components). Skipping.
Class BaseProvider located in ./components/Application/Container/tests/Flows/BootProviders/BootProvidersSmokeTest.php does not comply with psr-4 autoloading standard (rule: Avax\Components\ => ./components). Skipping.
Class DemoProvider located in ./components/Application/Container/tests/Flows/BootProviders/BootProvidersSmokeTest.php does not comply with psr-4 autoloading standard (rule: Avax\Components\ => ./components). Skipping.
Class DeferredProvidedService located in ./components/Application/Container/tests/Flows/BootProviders/BootProvidersSmokeTest.php does not comply with psr-4 autoloading standard (rule: Avax\Components\ => ./components). Skipping.
Class DeferredProviderConsumer located in ./components/Application/Container/tests/Flows/BootProviders/BootProvidersSmokeTest.php does not comply with psr-4 autoloading standard (rule: Avax\Components\ => ./components). Skipping.
Class DeferredDemoProvider located in ./components/Application/Container/tests/Flows/BootProviders/BootProvidersSmokeTest.php does not comply with psr-4 autoloading standard (rule: Avax\Components\ => ./components). Skipping.
Class CycleProviderA located in ./components/Application/Container/tests/Flows/BootProviders/BootProvidersSmokeTest.php does not comply with psr-4 autoloading standard (rule: Avax\Components\ => ./components). Skipping.
Class CycleProviderB located in ./components/Application/Container/tests/Flows/BootProviders/BootProvidersSmokeTest.php does not comply with psr-4 autoloading standard (rule: Avax\Components\ => ./components). Skipping.
Class RegisterLoggerContract located in ./components/Application/Container/tests/Flows/RegisterServices/RegisterDependenciesSmokeTest.php does not comply with psr-4 autoloading standard (rule: Avax\Components\ => ./components). Skipping.
Class RegisterDependenciesSmokeTest located in ./components/Application/Container/tests/Flows/RegisterServices/RegisterDependenciesSmokeTest.php does not comply with psr-4 autoloading standard (rule: Avax\Components\ => ./components). Skipping.
Class SpecialRegisterLogger located in ./components/Application/Container/tests/Flows/RegisterServices/RegisterDependenciesSmokeTest.php does not comply with psr-4 autoloading standard (rule: Avax\Components\ => ./components). Skipping.
Class NeedsDefaultLogger located in ./components/Application/Container/tests/Flows/RegisterServices/RegisterDependenciesSmokeTest.php does not comply with psr-4 autoloading standard (rule: Avax\Components\ => ./components). Skipping.
Class NeedsSpecialLogger located in ./components/Application/Container/tests/Flows/RegisterServices/RegisterDependenciesSmokeTest.php does not comply with psr-4 autoloading standard (rule: Avax\Components\ => ./components). Skipping.
Class ExtensibleMessage located in ./components/Application/Container/tests/Flows/RegisterServices/RegisterDependenciesSmokeTest.php does not comply with psr-4 autoloading standard (rule: Avax\Components\ => ./components). Skipping.
Class MessageDecorator located in ./components/Application/Container/tests/Flows/RegisterServices/RegisterDependenciesSmokeTest.php does not comply with psr-4 autoloading standard (rule: Avax\Components\ => ./components). Skipping.
Class DeferredDependenciesSmokeTest located in ./components/Application/Container/tests/Flows/RegisterServices/DeferredDependenciesSmokeTest.php does not comply with psr-4 autoloading standard (rule: Avax\Components\ => ./components). Skipping.
Class DeferredWorkerService located in ./components/Application/Container/tests/Flows/RegisterServices/DeferredDependenciesSmokeTest.php does not comply with psr-4 autoloading standard (rule: Avax\Components\ => ./components). Skipping.
Class LazyProxySmokeTest located in ./components/Application/Container/tests/Flows/ResolveService/LazyProxySmokeTest.php does not comply with psr-4 autoloading standard (rule: Avax\Components\ => ./components). Skipping.
Class PolicyProfileSmokeTest located in ./components/Application/Container/tests/Flows/ResolveService/PolicyProfileSmokeTest.php does not comply with psr-4 autoloading standard (rule: Avax\Components\ => ./components). Skipping.
Class ConditionalInternalService located in ./components/Application/Container/tests/Flows/ResolveService/PolicyProfileSmokeTest.php does not comply with psr-4 autoloading standard (rule: Avax\Components\ => ./components). Skipping.
Class DiagnosticsContract located in ./components/Application/Container/tests/Flows/ResolveService/ContextAndDiagnosticsSmokeTest.php does not comply with psr-4 autoloading standard (rule: Avax\Components\ => ./components). Skipping.
Class ContextAndDiagnosticsSmokeTest located in ./components/Application/Container/tests/Flows/ResolveService/ContextAndDiagnosticsSmokeTest.php does not comply with psr-4 autoloading standard (rule: Avax\Components\ => ./components). Skipping.
Class ContextualNameConsumer located in ./components/Application/Container/tests/Flows/ResolveService/ContextAndDiagnosticsSmokeTest.php does not comply with psr-4 autoloading standard (rule: Avax\Components\ => ./components). Skipping.
Class DiagnosticsScopedService located in ./components/Application/Container/tests/Flows/ResolveService/ContextAndDiagnosticsSmokeTest.php does not comply with psr-4 autoloading standard (rule: Avax\Components\ => ./components). Skipping.
Class ContextualInjectionTarget located in ./components/Application/Container/tests/Flows/ResolveService/ContextAndDiagnosticsSmokeTest.php does not comply with psr-4 autoloading standard (rule: Avax\Components\ => ./components). Skipping.
Class PolicyAndStructureDiffSmokeTest located in ./components/Application/Container/tests/Flows/ResolveService/PolicyAndStructureDiffSmokeTest.php does not comply with psr-4 autoloading standard (rule: Avax\Components\ => ./components). Skipping.
Class PolicyDependencyB located in ./components/Application/Container/tests/Flows/ResolveService/PolicyAndStructureDiffSmokeTest.php does not comply with psr-4 autoloading standard (rule: Avax\Components\ => ./components). Skipping.
Class PolicyDependencyC located in ./components/Application/Container/tests/Flows/ResolveService/PolicyAndStructureDiffSmokeTest.php does not comply with psr-4 autoloading standard (rule: Avax\Components\ => ./components). Skipping.
Class PolicyDependencyD located in ./components/Application/Container/tests/Flows/ResolveService/PolicyAndStructureDiffSmokeTest.php does not comply with psr-4 autoloading standard (rule: Avax\Components\ => ./components). Skipping.
Class PolicyDependencyE located in ./components/Application/Container/tests/Flows/ResolveService/PolicyAndStructureDiffSmokeTest.php does not comply with psr-4 autoloading standard (rule: Avax\Components\ => ./components). Skipping.
Class PolicyDependencyF located in ./components/Application/Container/tests/Flows/ResolveService/PolicyAndStructureDiffSmokeTest.php does not comply with psr-4 autoloading standard (rule: Avax\Components\ => ./components). Skipping.
Class OverInjectedPolicyService located in ./components/Application/Container/tests/Flows/ResolveService/PolicyAndStructureDiffSmokeTest.php does not comply with psr-4 autoloading standard (rule: Avax\Components\ => ./components). Skipping.
Class OtherFlowLocal located in ./components/Application/Container/tests/Flows/ResolveService/PolicyAndStructureDiffSmokeTest.php does not comply with psr-4 autoloading standard (rule: Avax\Components\ => ./components). Skipping.
Class FlowToFlowEntry located in ./components/Application/Container/tests/Flows/ResolveService/PolicyAndStructureDiffSmokeTest.php does not comply with psr-4 autoloading standard (rule: Avax\Components\ => ./components). Skipping.
Class GenericHelperService located in ./components/Application/Container/tests/Flows/ResolveService/PolicyAndStructureDiffSmokeTest.php does not comply with psr-4 autoloading standard (rule: Avax\Components\ => ./components). Skipping.
Class StructureDiffService located in ./components/Application/Container/tests/Flows/ResolveService/PolicyAndStructureDiffSmokeTest.php does not comply with psr-4 autoloading standard (rule: Avax\Components\ => ./components). Skipping.
Class LocatorDriftService located in ./components/Application/Container/tests/Flows/ResolveService/PolicyAndStructureDiffSmokeTest.php does not comply with psr-4 autoloading standard (rule: Avax\Components\ => ./components). Skipping.
Class ResolveDependencySmokeTest located in ./components/Application/Container/tests/Flows/ResolveService/ResolveDependencySmokeTest.php does not comply with psr-4 autoloading standard (rule: Avax\Components\ => ./components). Skipping.
Class NeedsResolveGreeter located in ./components/Application/Container/tests/Flows/ResolveService/ResolveDependencySmokeTest.php does not comply with psr-4 autoloading standard (rule: Avax\Components\ => ./components). Skipping.
Class ResolveWithParameters located in ./components/Application/Container/tests/Flows/ResolveService/ResolveDependencySmokeTest.php does not comply with psr-4 autoloading standard (rule: Avax\Components\ => ./components). Skipping.
Class SlicePaymentGateway located in ./components/Application/Container/tests/Flows/ResolveService/SliceViewSmokeTest.php does not comply with psr-4 autoloading standard (rule: Avax\Components\ => ./components). Skipping.
Class SliceViewSmokeTest located in ./components/Application/Container/tests/Flows/ResolveService/SliceViewSmokeTest.php does not comply with psr-4 autoloading standard (rule: Avax\Components\ => ./components). Skipping.
Class SliceInternalAudit located in ./components/Application/Container/tests/Flows/ResolveService/SliceViewSmokeTest.php does not comply with psr-4 autoloading standard (rule: Avax\Components\ => ./components). Skipping.
Class SliceBillingEntry located in ./components/Application/Container/tests/Flows/ResolveService/SliceViewSmokeTest.php does not comply with psr-4 autoloading standard (rule: Avax\Components\ => ./components). Skipping.
Class SliceBillingHelper located in ./components/Application/Container/tests/Flows/ResolveService/SliceViewSmokeTest.php does not comply with psr-4 autoloading standard (rule: Avax\Components\ => ./components). Skipping.
Class SliceLoginSecret located in ./components/Application/Container/tests/Flows/ResolveService/SliceViewSmokeTest.php does not comply with psr-4 autoloading standard (rule: Avax\Components\ => ./components). Skipping.
Class SliceConfigProbe located in ./components/Application/Container/tests/Flows/ResolveService/SliceViewSmokeTest.php does not comply with psr-4 autoloading standard (rule: Avax\Components\ => ./components). Skipping.
Class SliceClock located in ./components/Application/Container/tests/Flows/ResolveService/SliceViewSmokeTest.php does not comply with psr-4 autoloading standard (rule: Avax\Components\ => ./components). Skipping.
Class SliceBillingOwnedService located in ./components/Application/Container/tests/Flows/ResolveService/SliceViewSmokeTest.php does not comply with psr-4 autoloading standard (rule: Avax\Components\ => ./components). Skipping.
Class DecoratedContract located in ./components/Application/Container/tests/Flows/ResolveService/DecoratorAndRuntimeInputSmokeTest.php does not comply with psr-4 autoloading standard (rule: Avax\Components\ => ./components). Skipping.
Class DecoratorAndRuntimeInputSmokeTest located in ./components/Application/Container/tests/Flows/ResolveService/DecoratorAndRuntimeInputSmokeTest.php does not comply with psr-4 autoloading standard (rule: Avax\Components\ => ./components). Skipping.
Class OwnedDecorator located in ./components/Application/Container/tests/Flows/ResolveService/DecoratorAndRuntimeInputSmokeTest.php does not comply with psr-4 autoloading standard (rule: Avax\Components\ => ./components). Skipping.
Class InvisibleDecorator located in ./components/Application/Container/tests/Flows/ResolveService/DecoratorAndRuntimeInputSmokeTest.php does not comply with psr-4 autoloading standard (rule: Avax\Components\ => ./components). Skipping.
Class RuntimeInputConsumer located in ./components/Application/Container/tests/Flows/ResolveService/DecoratorAndRuntimeInputSmokeTest.php does not comply with psr-4 autoloading standard (rule: Avax\Components\ => ./components). Skipping.
Class FirstGroupedStep located in ./components/Application/Container/tests/Flows/ResolveService/DecoratorAndRuntimeInputSmokeTest.php does not comply with psr-4 autoloading standard (rule: Avax\Components\ => ./components). Skipping.
Class SecondGroupedStep located in ./components/Application/Container/tests/Flows/ResolveService/DecoratorAndRuntimeInputSmokeTest.php does not comply with psr-4 autoloading standard (rule: Avax\Components\ => ./components). Skipping.
Class ConflictingGroupedStep located in ./components/Application/Container/tests/Flows/ResolveService/DecoratorAndRuntimeInputSmokeTest.php does not comply with psr-4 autoloading standard (rule: Avax\Components\ => ./components). Skipping.
Class OwnershipGateway located in ./components/Application/Container/tests/Flows/ResolveService/OwnershipCompositionSmokeTest.php does not comply with psr-4 autoloading standard (rule: Avax\Components\ => ./components). Skipping.
Class OwnershipCompositionSmokeTest located in ./components/Application/Container/tests/Flows/ResolveService/OwnershipCompositionSmokeTest.php does not comply with psr-4 autoloading standard (rule: Avax\Components\ => ./components). Skipping.
Class InternalAuditTrail located in ./components/Application/Container/tests/Flows/ResolveService/OwnershipCompositionSmokeTest.php does not comply with psr-4 autoloading standard (rule: Avax\Components\ => ./components). Skipping.
Class ScopedOwnershipState located in ./components/Application/Container/tests/Flows/ResolveService/OwnershipCompositionSmokeTest.php does not comply with psr-4 autoloading standard (rule: Avax\Components\ => ./components). Skipping.
Class BillingFlowUsesGateway located in ./components/Application/Container/tests/Flows/ResolveService/OwnershipCompositionSmokeTest.php does not comply with psr-4 autoloading standard (rule: Avax\Components\ => ./components). Skipping.
Class BillingFlowUsesInternalAudit located in ./components/Application/Container/tests/Flows/ResolveService/OwnershipCompositionSmokeTest.php does not comply with psr-4 autoloading standard (rule: Avax\Components\ => ./components). Skipping.
Class SharedOwnershipFacade located in ./components/Application/Container/tests/Flows/ResolveService/OwnershipCompositionSmokeTest.php does not comply with psr-4 autoloading standard (rule: Avax\Components\ => ./components). Skipping.
Class DevOnlyOwnershipProbe located in ./components/Application/Container/tests/Flows/ResolveService/OwnershipCompositionSmokeTest.php does not comply with psr-4 autoloading standard (rule: Avax\Components\ => ./components). Skipping.
Class PooledLifetimeSmokeTest located in ./components/Application/Container/tests/Flows/ResolveService/PooledLifetimeSmokeTest.php does not comply with psr-4 autoloading standard (rule: Avax\Components\ => ./components). Skipping.
Class ReusablePooledService located in ./components/Application/Container/tests/Flows/ResolveService/PooledLifetimeSmokeTest.php does not comply with psr-4 autoloading standard (rule: Avax\Components\ => ./components). Skipping.
Class UnsafePooledService located in ./components/Application/Container/tests/Flows/ResolveService/PooledLifetimeSmokeTest.php does not comply with psr-4 autoloading standard (rule: Avax\Components\ => ./components). Skipping.
Class PoolingContract located in ./components/Application/Container/tests/Flows/ResolveService/PoolingSemanticsSmokeTest.php does not comply with psr-4 autoloading standard (rule: Avax\Components\ => ./components). Skipping.
Class DeferredPoolingContract located in ./components/Application/Container/tests/Flows/ResolveService/PoolingSemanticsSmokeTest.php does not comply with psr-4 autoloading standard (rule: Avax\Components\ => ./components). Skipping.
Class PoolingSemanticsSmokeTest located in ./components/Application/Container/tests/Flows/ResolveService/PoolingSemanticsSmokeTest.php does not comply with psr-4 autoloading standard (rule: Avax\Components\ => ./components). Skipping.
Class PoolingService located in ./components/Application/Container/tests/Flows/ResolveService/PoolingSemanticsSmokeTest.php does not comply with psr-4 autoloading standard (rule: Avax\Components\ => ./components). Skipping.
Class PoolingDecorator located in ./components/Application/Container/tests/Flows/ResolveService/PoolingSemanticsSmokeTest.php does not comply with psr-4 autoloading standard (rule: Avax\Components\ => ./components). Skipping.
Class DeferredPoolingService located in ./components/Application/Container/tests/Flows/ResolveService/PoolingSemanticsSmokeTest.php does not comply with psr-4 autoloading standard (rule: Avax\Components\ => ./components). Skipping.
Class DeferredPoolingProvider located in ./components/Application/Container/tests/Flows/ResolveService/PoolingSemanticsSmokeTest.php does not comply with psr-4 autoloading standard (rule: Avax\Components\ => ./components). Skipping.
Class ConditionalGateway located in ./components/Application/Container/tests/Flows/ResolveService/ConditionalCompositionSmokeTest.php does not comply with psr-4 autoloading standard (rule: Avax\Components\ => ./components). Skipping.
Class ConditionalCompositionSmokeTest located in ./components/Application/Container/tests/Flows/ResolveService/ConditionalCompositionSmokeTest.php does not comply with psr-4 autoloading standard (rule: Avax\Components\ => ./components). Skipping.
Class OverrideConditionalGateway located in ./components/Application/Container/tests/Flows/ResolveService/ConditionalCompositionSmokeTest.php does not comply with psr-4 autoloading standard (rule: Avax\Components\ => ./components). Skipping.
Class CompiledSchemaCompatibilitySmokeTest located in ./components/Application/Container/tests/Flows/CreateContainer/CompiledSchemaCompatibilitySmokeTest.php does not comply with psr-4 autoloading standard (rule: Avax\Components\ => ./components). Skipping.
Class SchemaCompatibilityService located in ./components/Application/Container/tests/Flows/CreateContainer/CompiledSchemaCompatibilitySmokeTest.php does not comply with psr-4 autoloading standard (rule: Avax\Components\ => ./components). Skipping.
Class LifecycleContract located in ./components/Application/Container/tests/Flows/CreateContainer/ContainerLifecycleSmokeTest.php does not comply with psr-4 autoloading standard (rule: Avax\Components\ => ./components). Skipping.
Class ContainerLifecycleSmokeTest located in ./components/Application/Container/tests/Flows/CreateContainer/ContainerLifecycleSmokeTest.php does not comply with psr-4 autoloading standard (rule: Avax\Components\ => ./components). Skipping.
Class LifecycleScopedService located in ./components/Application/Container/tests/Flows/CreateContainer/ContainerLifecycleSmokeTest.php does not comply with psr-4 autoloading standard (rule: Avax\Components\ => ./components). Skipping.
Class CreateGreeterContract located in ./components/Application/Container/tests/Flows/CreateContainer/CreateContainerSmokeTest.php does not comply with psr-4 autoloading standard (rule: Avax\Components\ => ./components). Skipping.
Class CreateContainerSmokeTest located in ./components/Application/Container/tests/Flows/CreateContainer/CreateContainerSmokeTest.php does not comply with psr-4 autoloading standard (rule: Avax\Components\ => ./components). Skipping.
Class NeedsCreateGreeter located in ./components/Application/Container/tests/Flows/CreateContainer/CreateContainerSmokeTest.php does not comply with psr-4 autoloading standard (rule: Avax\Components\ => ./components). Skipping.
Class CompiledIntegritySmokeTest located in ./components/Application/Container/tests/Flows/CreateContainer/CompiledIntegritySmokeTest.php does not comply with psr-4 autoloading standard (rule: Avax\Components\ => ./components). Skipping.
Class IntegrityTarget located in ./components/Application/Container/tests/Flows/CreateContainer/CompiledIntegritySmokeTest.php does not comply with psr-4 autoloading standard (rule: Avax\Components\ => ./components). Skipping.
Class CompiledGreeterContract located in ./components/Application/Container/tests/Flows/CreateContainer/CompiledContainerSmokeTest.php does not comply with psr-4 autoloading standard (rule: Avax\Components\ => ./components). Skipping.
Class CompiledContainerSmokeTest located in ./components/Application/Container/tests/Flows/CreateContainer/CompiledContainerSmokeTest.php does not comply with psr-4 autoloading standard (rule: Avax\Components\ => ./components). Skipping.
Class CompiledNeedsGreeter located in ./components/Application/Container/tests/Flows/CreateContainer/CompiledContainerSmokeTest.php does not comply with psr-4 autoloading standard (rule: Avax\Components\ => ./components). Skipping.
Class CompiledConfiguredMessage located in ./components/Application/Container/tests/Flows/CreateContainer/CompiledContainerSmokeTest.php does not comply with psr-4 autoloading standard (rule: Avax\Components\ => ./components). Skipping.
Class CompiledNeedsObjectArgument located in ./components/Application/Container/tests/Flows/CreateContainer/CompiledContainerSmokeTest.php does not comply with psr-4 autoloading standard (rule: Avax\Components\ => ./components). Skipping.
Class PruningSmokeTest located in ./components/Application/Container/tests/Flows/CreateContainer/PruningSmokeTest.php does not comply with psr-4 autoloading standard (rule: Avax\Components\ => ./components). Skipping.
Class PrunedFlowEntry located in ./components/Application/Container/tests/Flows/CreateContainer/PruningSmokeTest.php does not comply with psr-4 autoloading standard (rule: Avax\Components\ => ./components). Skipping.
Class DeadPrunableService located in ./components/Application/Container/tests/Flows/CreateContainer/PruningSmokeTest.php does not comply with psr-4 autoloading standard (rule: Avax\Components\ => ./components). Skipping.
Class CompiledCacheSmokeTest located in ./components/Application/Container/tests/Flows/CreateContainer/CompiledCacheSmokeTest.php does not comply with psr-4 autoloading standard (rule: Avax\Components\ => ./components). Skipping.
Class CompiledCacheTarget located in ./components/Application/Container/tests/Flows/CreateContainer/CompiledCacheSmokeTest.php does not comply with psr-4 autoloading standard (rule: Avax\Components\ => ./components). Skipping.
Class WorkerRequestLifecycleSmokeTest located in ./components/Application/Container/tests/Flows/CreateContainer/WorkerRequestLifecycleSmokeTest.php does not comply with psr-4 autoloading standard (rule: Avax\Components\ => ./components). Skipping.
Class WorkerScopedService located in ./components/Application/Container/tests/Flows/CreateContainer/WorkerRequestLifecycleSmokeTest.php does not comply with psr-4 autoloading standard (rule: Avax\Components\ => ./components). Skipping.
Class DeterministicOrderingSmokeTest located in ./components/Application/Container/tests/Flows/CreateContainer/DeterministicOrderingSmokeTest.php does not comply with psr-4 autoloading standard (rule: Avax\Components\ => ./components). Skipping.
Class OrderingProviderBeta located in ./components/Application/Container/tests/Flows/CreateContainer/DeterministicOrderingSmokeTest.php does not comply with psr-4 autoloading standard (rule: Avax\Components\ => ./components). Skipping.
Class OrderingProviderGamma located in ./components/Application/Container/tests/Flows/CreateContainer/DeterministicOrderingSmokeTest.php does not comply with psr-4 autoloading standard (rule: Avax\Components\ => ./components). Skipping.
Class OrderingTaggedA located in ./components/Application/Container/tests/Flows/CreateContainer/DeterministicOrderingSmokeTest.php does not comply with psr-4 autoloading standard (rule: Avax\Components\ => ./components). Skipping.
Class OrderingTaggedB located in ./components/Application/Container/tests/Flows/CreateContainer/DeterministicOrderingSmokeTest.php does not comply with psr-4 autoloading standard (rule: Avax\Components\ => ./components). Skipping.
Class OrderingTaggedC located in ./components/Application/Container/tests/Flows/CreateContainer/DeterministicOrderingSmokeTest.php does not comply with psr-4 autoloading standard (rule: Avax\Components\ => ./components). Skipping.
Class OrderingDecoratedService located in ./components/Application/Container/tests/Flows/CreateContainer/DeterministicOrderingSmokeTest.php does not comply with psr-4 autoloading standard (rule: Avax\Components\ => ./components). Skipping.
Class OrderingFirstDecorator located in ./components/Application/Container/tests/Flows/CreateContainer/DeterministicOrderingSmokeTest.php does not comply with psr-4 autoloading standard (rule: Avax\Components\ => ./components). Skipping.
Class OrderingSecondDecorator located in ./components/Application/Container/tests/Flows/CreateContainer/DeterministicOrderingSmokeTest.php does not comply with psr-4 autoloading standard (rule: Avax\Components\ => ./components). Skipping.
Class OrderingArtifactDependency located in ./components/Application/Container/tests/Flows/CreateContainer/DeterministicOrderingSmokeTest.php does not comply with psr-4 autoloading standard (rule: Avax\Components\ => ./components). Skipping.
Class OrderingArtifactService located in ./components/Application/Container/tests/Flows/CreateContainer/DeterministicOrderingSmokeTest.php does not comply with psr-4 autoloading standard (rule: Avax\Components\ => ./components). Skipping.
Class CompiledCompatibilitySmokeTest located in ./components/Application/Container/tests/Flows/CreateContainer/CompiledCompatibilitySmokeTest.php does not comply with psr-4 autoloading standard (rule: Avax\Components\ => ./components). Skipping.
Class CompatibilityTarget located in ./components/Application/Container/tests/Flows/CreateContainer/CompiledCompatibilitySmokeTest.php does not comply with psr-4 autoloading standard (rule: Avax\Components\ => ./components). Skipping.
Class ExecutionModeSmokeTest located in ./components/Application/Container/tests/Flows/CreateContainer/ExecutionModeSmokeTest.php does not comply with psr-4 autoloading standard (rule: Avax\Components\ => ./components). Skipping.
Class ExecutionModeService located in ./components/Application/Container/tests/Flows/CreateContainer/ExecutionModeSmokeTest.php does not comply with psr-4 autoloading standard (rule: Avax\Components\ => ./components). Skipping.
Class FreshnessDependencyContract located in ./components/Application/Container/tests/Flows/CreateContainer/CompiledFreshnessSmokeTest.php does not comply with psr-4 autoloading standard (rule: Avax\Components\ => ./components). Skipping.
Class CompiledFreshnessSmokeTest located in ./components/Application/Container/tests/Flows/CreateContainer/CompiledFreshnessSmokeTest.php does not comply with psr-4 autoloading standard (rule: Avax\Components\ => ./components). Skipping.
Class FreshnessDependencyV2 located in ./components/Application/Container/tests/Flows/CreateContainer/CompiledFreshnessSmokeTest.php does not comply with psr-4 autoloading standard (rule: Avax\Components\ => ./components). Skipping.
Class FreshnessConsumer located in ./components/Application/Container/tests/Flows/CreateContainer/CompiledFreshnessSmokeTest.php does not comply with psr-4 autoloading standard (rule: Avax\Components\ => ./components). Skipping.
Class CompileReportContract located in ./components/Application/Container/tests/Flows/CreateContainer/CompileReportSmokeTest.php does not comply with psr-4 autoloading standard (rule: Avax\Components\ => ./components). Skipping.
Class CompileReportSmokeTest located in ./components/Application/Container/tests/Flows/CreateContainer/CompileReportSmokeTest.php does not comply with psr-4 autoloading standard (rule: Avax\Components\ => ./components). Skipping.
Class CompileReportDeferredService located in ./components/Application/Container/tests/Flows/CreateContainer/CompileReportSmokeTest.php does not comply with psr-4 autoloading standard (rule: Avax\Components\ => ./components). Skipping.
Class CompileReportService located in ./components/Application/Container/tests/Flows/CreateContainer/CompileReportSmokeTest.php does not comply with psr-4 autoloading standard (rule: Avax\Components\ => ./components). Skipping.
Class CallGreeterContract located in ./components/Application/Container/tests/Flows/CallFunction/CallFunctionSmokeTest.php does not comply with psr-4 autoloading standard (rule: Avax\Components\ => ./components). Skipping.
Class CallFunctionSmokeTest located in ./components/Application/Container/tests/Flows/CallFunction/CallFunctionSmokeTest.php does not comply with psr-4 autoloading standard (rule: Avax\Components\ => ./components). Skipping.
Class CallAction located in ./components/Application/Container/tests/Flows/CallFunction/CallFunctionSmokeTest.php does not comply with psr-4 autoloading standard (rule: Avax\Components\ => ./components). Skipping.
Class ArtifactBenchmarkPeerAdapter located in ./components/Application/Container/tests/benchmarks/adapters/ArtifactBenchmarkPeerAdapter.php does not comply with psr-4 autoloading standard (rule: Avax\Components\ => ./components). Skipping.
Class BenchmarkPeerAdapter located in ./components/Application/Container/tests/benchmarks/adapters/BenchmarkPeerAdapter.php does not comply with psr-4 autoloading standard (rule: Avax\Components\ => ./components). Skipping.
Class BenchDeferredProviderContract located in ./components/Application/Container/tests/benchmarks/run.php does not comply with psr-4 autoloading standard (rule: Avax\Components\ => ./components). Skipping.
Class run located in ./components/Application/Container/tests/benchmarks/run.php does not comply with psr-4 autoloading standard (rule: Avax\Components\ => ./components). Skipping.
Class BenchTransientService located in ./components/Application/Container/tests/benchmarks/run.php does not comply with psr-4 autoloading standard (rule: Avax\Components\ => ./components). Skipping.
Class BenchScopedService located in ./components/Application/Container/tests/benchmarks/run.php does not comply with psr-4 autoloading standard (rule: Avax\Components\ => ./components). Skipping.
Class BenchPooledService located in ./components/Application/Container/tests/benchmarks/run.php does not comply with psr-4 autoloading standard (rule: Avax\Components\ => ./components). Skipping.
Class BenchLazyService located in ./components/Application/Container/tests/benchmarks/run.php does not comply with psr-4 autoloading standard (rule: Avax\Components\ => ./components). Skipping.
Class BenchDeferredService located in ./components/Application/Container/tests/benchmarks/run.php does not comply with psr-4 autoloading standard (rule: Avax\Components\ => ./components). Skipping.
Class BenchDeferredProviderService located in ./components/Application/Container/tests/benchmarks/run.php does not comply with psr-4 autoloading standard (rule: Avax\Components\ => ./components). Skipping.
Class BenchDeferredProvider located in ./components/Application/Container/tests/benchmarks/run.php does not comply with psr-4 autoloading standard (rule: Avax\Components\ => ./components). Skipping.
Class BenchDeep5 located in ./components/Application/Container/tests/benchmarks/run.php does not comply with psr-4 autoloading standard (rule: Avax\Components\ => ./components). Skipping.
Class BenchDeep4 located in ./components/Application/Container/tests/benchmarks/run.php does not comply with psr-4 autoloading standard (rule: Avax\Components\ => ./components). Skipping.
Class BenchDeep3 located in ./components/Application/Container/tests/benchmarks/run.php does not comply with psr-4 autoloading standard (rule: Avax\Components\ => ./components). Skipping.
Class BenchDeep2 located in ./components/Application/Container/tests/benchmarks/run.php does not comply with psr-4 autoloading standard (rule: Avax\Components\ => ./components). Skipping.
Class BenchDeep1 located in ./components/Application/Container/tests/benchmarks/run.php does not comply with psr-4 autoloading standard (rule: Avax\Components\ => ./components). Skipping.
Class BenchWideRoot located in ./components/Application/Container/tests/benchmarks/run.php does not comply with psr-4 autoloading standard (rule: Avax\Components\ => ./components). Skipping.
Class BenchWide1 located in ./components/Application/Container/tests/benchmarks/run.php does not comply with psr-4 autoloading standard (rule: Avax\Components\ => ./components). Skipping.
Class BenchWide2 located in ./components/Application/Container/tests/benchmarks/run.php does not comply with psr-4 autoloading standard (rule: Avax\Components\ => ./components). Skipping.
Class BenchWide3 located in ./components/Application/Container/tests/benchmarks/run.php does not comply with psr-4 autoloading standard (rule: Avax\Components\ => ./components). Skipping.
Class BenchWide4 located in ./components/Application/Container/tests/benchmarks/run.php does not comply with psr-4 autoloading standard (rule: Avax\Components\ => ./components). Skipping.
Class BenchWide5 located in ./components/Application/Container/tests/benchmarks/run.php does not comply with psr-4 autoloading standard (rule: Avax\Components\ => ./components). Skipping.
Class BenchInjectionTarget located in ./components/Application/Container/tests/benchmarks/run.php does not comply with psr-4 autoloading standard (rule: Avax\Components\ => ./components). Skipping.
Class ValidateReportSchemasReportSchemas located in ./components/Application/Container/tests/diagnostics/validate-report-schemas.php does not comply with psr-4 autoloading standard (rule: Avax\Components\ => ./components). Skipping.
Class DiagnosticsSchemaConsumer located in ./components/Application/Container/tests/diagnostics/validate-report-schemas.php does not comply with psr-4 autoloading standard (rule: Avax\Components\ => ./components). Skipping.
Class graph_tool_fixture located in ./components/Application/Container/tests/fixtures/graph_tool_fixture.php does not comply with psr-4 autoloading standard (rule: Avax\Components\ => ./components). Skipping.
Class GraphToolIdentitySecret located in ./components/Application/Container/tests/fixtures/graph_tool_fixture.php does not comply with psr-4 autoloading standard (rule: Avax\Components\ => ./components). Skipping.
Class GraphToolLoginEntry located in ./components/Application/Container/tests/fixtures/graph_tool_fixture.php does not comply with psr-4 autoloading standard (rule: Avax\Components\ => ./components). Skipping.
Class GraphToolStructureTarget located in ./components/Application/Container/tests/fixtures/graph_tool_fixture.php does not comply with psr-4 autoloading standard (rule: Avax\Components\ => ./components). Skipping.
Class GraphToolStepOne located in ./components/Application/Container/tests/fixtures/graph_tool_fixture.php does not comply with psr-4 autoloading standard (rule: Avax\Components\ => ./components). Skipping.
Class GraphToolStepTwo located in ./components/Application/Container/tests/fixtures/graph_tool_fixture.php does not comply with psr-4 autoloading standard (rule: Avax\Components\ => ./components). Skipping.
Class generated_runtime_fixture located in ./components/Application/Container/tests/fixtures/generated_runtime_fixture.php does not comply with psr-4 autoloading standard (rule: Avax\Components\ => ./components). Skipping.
Class GeneratedFixtureEntry located in ./components/Application/Container/tests/fixtures/generated_runtime_fixture.php does not comply with psr-4 autoloading standard (rule: Avax\Components\ => ./components). Skipping.
Class analysis_hints_fixture located in ./components/Application/Container/tests/fixtures/analysis_hints_fixture.php does not comply with psr-4 autoloading standard (rule: Avax\Components\ => ./components). Skipping.
Class HintPipelineStepA located in ./components/Application/Container/tests/fixtures/analysis_hints_fixture.php does not comply with psr-4 autoloading standard (rule: Avax\Components\ => ./components). Skipping.
Class HintPipelineStepB located in ./components/Application/Container/tests/fixtures/analysis_hints_fixture.php does not comply with psr-4 autoloading standard (rule: Avax\Components\ => ./components). Skipping.
Class HintRuntimeInputConsumer located in ./components/Application/Container/tests/fixtures/analysis_hints_fixture.php does not comply with psr-4 autoloading standard (rule: Avax\Components\ => ./components). Skipping.
Class HintConditionalService located in ./components/Application/Container/tests/fixtures/analysis_hints_fixture.php does not comply with psr-4 autoloading standard (rule: Avax\Components\ => ./components). Skipping.
Generated optimized autoload files containing 6593 classes
== Architecture checks ==
PASS
PASS
PASS
PASS
== PHPStan database ==
Note: Using configuration file /home/shomsy/projects/avax/phpstan.neon.
Wrote Code-Review-And-ToDo/recovery-reports/database-phpstan-families.md
== PublicSurface smoke ==
Wrote tests/Unit/Generated/DataStackDatabasePublicSurfaceSmokeTest.php
PHPUnit 10.5.63 by Sebastian Bergmann and contributors.

Runtime:       PHP 8.5.5
Configuration: /home/shomsy/projects/avax/phpunit.xml

..                                                                  2 / 2 (100%)

Time: 00:00.003, Memory: 10.00 MB

OK (2 tests, 2 assertions)
== Report-only guard ==
Changed files:
- .phpunit.cache/test-results
- Code-Review-And-ToDo/recovery-reports/
- Code-Review-And-ToDo/recovery-staging/
- Makefile.recovery
- tests/Unit/Generated/
- tooling/recovery/

Production-impacting files detected:
- tests/Unit/Generated/
DONE. See Code-Review-And-ToDo/recovery-reports/
bash tooling/recovery/run_persistence_recovery_audit.sh
== Git status ==
 M .phpunit.cache/test-results
?? Code-Review-And-ToDo/recovery-reports/
?? Code-Review-And-ToDo/recovery-staging/
?? Makefile.recovery
?? tests/Unit/Generated/
?? tooling/recovery/
== Extract backup persistence files ==
Extracted 20 files
Report: Code-Review-And-ToDo/recovery-reports/persistence-extracted-backup-files.md
== Make old-to-new map ==
Wrote Code-Review-And-ToDo/recovery-reports/persistence-old-to-new-map.md; mapped 20 files
== Composer/autoload ==
./composer.json is valid
Generating optimized autoload files
Class Avax\Components\Identity\Credentials\System\Capabilities\Passkey\TestSupport\VerifiedPasskeyAuthentication located in ./tests/Support/Identity/Credentials/Passkey/VerifiedPasskeyAuthentication.php does not comply with psr-4 autoloading standard (rule: Avax\Tests\ => ./tests). Skipping.
Class Avax\Components\Identity\Credentials\System\Capabilities\Passkey\TestSupport\PasskeyRuntimeInterface located in ./tests/Support/Identity/Credentials/Passkey/PasskeyRuntimeInterface.php does not comply with psr-4 autoloading standard (rule: Avax\Tests\ => ./tests). Skipping.
Class Avax\Components\Identity\Credentials\System\Capabilities\Passkey\TestSupport\ResolvedPasskeyCredential located in ./tests/Support/Identity/Credentials/Passkey/ResolvedPasskeyCredential.php does not comply with psr-4 autoloading standard (rule: Avax\Tests\ => ./tests). Skipping.
Class Avax\Components\Identity\Credentials\System\Capabilities\Passkey\TestSupport\PasskeyCredentialStoreInterface located in ./tests/Support/Identity/Credentials/Passkey/PasskeyCredentialStoreInterface.php does not comply with psr-4 autoloading standard (rule: Avax\Tests\ => ./tests). Skipping.
Class Avax\Components\Identity\Credentials\System\Capabilities\Passkey\TestSupport\PasskeyChallengeStoreInterface located in ./tests/Support/Identity/Credentials/Passkey/PasskeyChallengeStoreInterface.php does not comply with psr-4 autoloading standard (rule: Avax\Tests\ => ./tests). Skipping.
Class Avax\Components\Identity\Credentials\System\Capabilities\Passkey\TestSupport\InMemoryPasskeyChallengeStore located in ./tests/Support/Identity/Credentials/Passkey/InMemoryPasskeyChallengeStore.php does not comply with psr-4 autoloading standard (rule: Avax\Tests\ => ./tests). Skipping.
Class Avax\Components\Identity\Credentials\System\Capabilities\Passkey\TestSupport\PasskeyChallengeRecord located in ./tests/Support/Identity/Credentials/Passkey/PasskeyChallengeRecord.php does not comply with psr-4 autoloading standard (rule: Avax\Tests\ => ./tests). Skipping.
Class Avax\Components\Identity\Credentials\System\Capabilities\Passkey\TestSupport\InMemoryPasskeyCredentialStore located in ./tests/Support/Identity/Credentials/Passkey/InMemoryPasskeyCredentialStore.php does not comply with psr-4 autoloading standard (rule: Avax\Tests\ => ./tests). Skipping.
Class Avax\Components\Identity\Credentials\System\Capabilities\Passkey\TestSupport\PasskeyCredential located in ./tests/Support/Identity/Credentials/Passkey/PasskeyCredential.php does not comply with psr-4 autoloading standard (rule: Avax\Tests\ => ./tests). Skipping.
Class Avax\Components\Identity\Credentials\System\Capabilities\Passkey\TestSupport\PasskeyChallengePurpose located in ./tests/Support/Identity/Credentials/Passkey/PasskeyChallengePurpose.php does not comply with psr-4 autoloading standard (rule: Avax\Tests\ => ./tests). Skipping.
Class Avax\Components\Identity\Credentials\System\Capabilities\Passkey\TestSupport\PruneExpiredPasskeyChallengesInterface located in ./tests/Support/Identity/Credentials/Passkey/PruneExpiredPasskeyChallengesInterface.php does not comply with psr-4 autoloading standard (rule: Avax\Tests\ => ./tests). Skipping.
Class Avax\Framework\System\Runtime\RunApplication\Capabilities\RunApplicationOnWorkerman located in ./framework/System/Capabilities/Runtime/Capabilities/RunApplicationOnWorkerman.php does not comply with psr-4 autoloading standard (rule: Avax\Framework\ => ./framework). Skipping.
Class Avax\Framework\System\Runtime\RunApplication\Capabilities\RunApplicationOnSwoole located in ./framework/System/Capabilities/Runtime/Capabilities/RunApplicationOnSwoole.php does not comply with psr-4 autoloading standard (rule: Avax\Framework\ => ./framework). Skipping.
Class Avax\Framework\System\Runtime\RunApplication\Capabilities\RunApplicationOnRoadRunner located in ./framework/System/Capabilities/Runtime/Capabilities/RunApplicationOnRoadRunner.php does not comply with psr-4 autoloading standard (rule: Avax\Framework\ => ./framework). Skipping.
Class Avax\Framework\System\Runtime\RunApplication\Capabilities\RunApplicationOnFrankenPhp located in ./framework/System/Capabilities/Runtime/Capabilities/RunApplicationOnFrankenPhp.php does not comply with psr-4 autoloading standard (rule: Avax\Framework\ => ./framework). Skipping.
Class Avax\Components\Identity\Security\Encryption\Contracts\StringEncrypterInterface located in ./components/Identity/Security/Encryption/Contracts/EncrypterInterface.php does not comply with psr-4 autoloading standard (rule: Avax\Components\ => ./components). Skipping.
Class xhp_ located in ./components/compat.php does not comply with psr-4 autoloading standard (rule: Avax\Components\ => ./components). Skipping.
Class Avax\Components\Server\System\Capabilities\RunApplicationOnRunApplicationOnPhpBuiltInServer located in ./components/Server/System/Capabilities/PhpBuiltInServer.php does not comply with psr-4 autoloading standard (rule: Avax\Components\ => ./components). Skipping.
Class Avax\Components\CLI\Commands\System\Capabilities\Generators\ControllerGeneratorInterface located in ./components/CLI/Commands/System/Capabilities/Generators/GeneratorInterfaces.php does not comply with psr-4 autoloading standard (rule: Avax\Components\ => ./components). Skipping.
Class Avax\Components\CLI\Commands\System\Capabilities\Generators\EntityGeneratorInterface located in ./components/CLI/Commands/System/Capabilities/Generators/GeneratorInterfaces.php does not comply with psr-4 autoloading standard (rule: Avax\Components\ => ./components). Skipping.
Class Avax\Components\CLI\Commands\System\Capabilities\Generators\RepositoryGeneratorInterface located in ./components/CLI/Commands/System/Capabilities/Generators/GeneratorInterfaces.php does not comply with psr-4 autoloading standard (rule: Avax\Components\ => ./components). Skipping.
Class Avax\Components\CLI\Commands\System\Capabilities\Generators\CapabilityGeneratorInterface located in ./components/CLI/Commands/System/Capabilities/Generators/GeneratorInterfaces.php does not comply with psr-4 autoloading standard (rule: Avax\Components\ => ./components). Skipping.
Class Avax\Components\Application\Filesystem\System\Capabilities\AsyncIO\SyncOperationPromise located in ./components/Application/Filesystem/System/Capabilities/AsyncIO/outside.php does not comply with psr-4 autoloading standard (rule: Avax\Components\ => ./components). Skipping.
Class Avax\Components\Application\Filesystem\System\Capabilities\AsyncIO\AsyncOperationPromise located in ./components/Application/Filesystem/System/Capabilities/AsyncIO/for.php does not comply with psr-4 autoloading standard (rule: Avax\Components\ => ./components). Skipping.
Class Avax\Components\Application\Config\System\Capabilities\EnvironmentAwareness\EnvironmentPolicies located in ./components/Application/Config/System/Capabilities/EnvironmentAwareness/Policies/EnvironmentPolicies.php does not comply with psr-4 autoloading standard (rule: Avax\Components\ => ./components). Skipping.
Class Avax\Components\Application\Config\System\Capabilities\EnvironmentAwareness\StagingPolicy located in ./components/Application/Config/System/Capabilities/EnvironmentAwareness/Policies/EnvironmentPolicies.php does not comply with psr-4 autoloading standard (rule: Avax\Components\ => ./components). Skipping.
Class Avax\Components\Application\Config\System\Capabilities\EnvironmentAwareness\ProductionPolicy located in ./components/Application/Config/System/Capabilities/EnvironmentAwareness/Policies/EnvironmentPolicies.php does not comply with psr-4 autoloading standard (rule: Avax\Components\ => ./components). Skipping.
Class Avax\Components\Application\Config\System\Capabilities\EnvironmentAwareness\TestingPolicy located in ./components/Application/Config/System/Capabilities/EnvironmentAwareness/Policies/EnvironmentPolicies.php does not comply with psr-4 autoloading standard (rule: Avax\Components\ => ./components). Skipping.
Class Avax\Components\Application\Config\System\Capabilities\Configuration\FileLoader\FileLoader located in ./components/Application/Config/System/Capabilities/Configuration/FileLoader/supports.php does not comply with psr-4 autoloading standard (rule: Avax\Components\ => ./components). Skipping.
Class Avax\Components\Application\Config\System\Capabilities\Configuration\FileLoader\ConfigLoader located in ./components/Application/Config/System/Capabilities/Configuration/FileLoader/defines.php does not comply with psr-4 autoloading standard (rule: Avax\Components\ => ./components). Skipping.
Class Psr\Container\ContainerInterface located in ./components/Application/Container/tests/bootstrap.php does not comply with psr-4 autoloading standard (rule: Avax\Components\ => ./components). Skipping.
Class Psr\Container\ContainerExceptionInterface located in ./components/Application/Container/tests/bootstrap.php does not comply with psr-4 autoloading standard (rule: Avax\Components\ => ./components). Skipping.
Class Psr\Container\NotFoundExceptionInterface located in ./components/Application/Container/tests/bootstrap.php does not comply with psr-4 autoloading standard (rule: Avax\Components\ => ./components). Skipping.
Class HotPathInlinerSmokeTest located in ./components/Application/Container/tests/Capabilities/Runtime/HotPathInlinerSmokeTest.php does not comply with psr-4 autoloading standard (rule: Avax\Components\ => ./components). Skipping.
Class DependencyPoolSmokeTest located in ./components/Application/Container/tests/Capabilities/Runtime/DependencyPoolSmokeTest.php does not comply with psr-4 autoloading standard (rule: Avax\Components\ => ./components). Skipping.
Class AdvancedLifetimeSmokeTest located in ./components/Application/Container/tests/Capabilities/Runtime/Scopes/AdvancedLifetimeSmokeTest.php does not comply with psr-4 autoloading standard (rule: Avax\Components\ => ./components). Skipping.
Class WarmSingletonService located in ./components/Application/Container/tests/Capabilities/Runtime/Scopes/AdvancedLifetimeSmokeTest.php does not comply with psr-4 autoloading standard (rule: Avax\Components\ => ./components). Skipping.
Class LazySingletonService located in ./components/Application/Container/tests/Capabilities/Runtime/Scopes/AdvancedLifetimeSmokeTest.php does not comply with psr-4 autoloading standard (rule: Avax\Components\ => ./components). Skipping.
Class RequestScopedDisposableService located in ./components/Application/Container/tests/Capabilities/Runtime/Scopes/AdvancedLifetimeSmokeTest.php does not comply with psr-4 autoloading standard (rule: Avax\Components\ => ./components). Skipping.
Class SharedDisposableService located in ./components/Application/Container/tests/Capabilities/Runtime/Scopes/AdvancedLifetimeSmokeTest.php does not comply with psr-4 autoloading standard (rule: Avax\Components\ => ./components). Skipping.
Class PlainTransientDependency located in ./components/Application/Container/tests/Capabilities/Runtime/Scopes/AdvancedLifetimeSmokeTest.php does not comply with psr-4 autoloading standard (rule: Avax\Components\ => ./components). Skipping.
Class SharedCapturesTransientService located in ./components/Application/Container/tests/Capabilities/Runtime/Scopes/AdvancedLifetimeSmokeTest.php does not comply with psr-4 autoloading standard (rule: Avax\Components\ => ./components). Skipping.
Class SharedCapturesRequestScopedService located in ./components/Application/Container/tests/Capabilities/Runtime/Scopes/AdvancedLifetimeSmokeTest.php does not comply with psr-4 autoloading standard (rule: Avax\Components\ => ./components). Skipping.
Class InvalidDisposableService located in ./components/Application/Container/tests/Capabilities/Runtime/Scopes/AdvancedLifetimeSmokeTest.php does not comply with psr-4 autoloading standard (rule: Avax\Components\ => ./components). Skipping.
Class InvalidTransientDisposableService located in ./components/Application/Container/tests/Capabilities/Runtime/Scopes/AdvancedLifetimeSmokeTest.php does not comply with psr-4 autoloading standard (rule: Avax\Components\ => ./components). Skipping.
Class JobScopedService located in ./components/Application/Container/tests/Capabilities/Runtime/Scopes/AdvancedLifetimeSmokeTest.php does not comply with psr-4 autoloading standard (rule: Avax\Components\ => ./components). Skipping.
Class ManageScopesSmokeTest located in ./components/Application/Container/tests/Capabilities/Runtime/Scopes/ManageScopesSmokeTest.php does not comply with psr-4 autoloading standard (rule: Avax\Components\ => ./components). Skipping.
Class CreateDependencyBlueprintSmokeTest located in ./components/Application/Container/tests/Capabilities/Declaration/Blueprints/CreateDependencyBlueprintSmokeTest.php does not comply with psr-4 autoloading standard (rule: Avax\Components\ => ./components). Skipping.
Class CallArgumentGreeterContract located in ./components/Application/Container/tests/Capabilities/Execution/Injection/Invocation/ResolveCallArgumentsSmokeTest.php does not comply with psr-4 autoloading standard (rule: Avax\Components\ => ./components). Skipping.
Class ResolveCallArgumentsSmokeTest located in ./components/Application/Container/tests/Capabilities/Execution/Injection/Invocation/ResolveCallArgumentsSmokeTest.php does not comply with psr-4 autoloading standard (rule: Avax\Components\ => ./components). Skipping.
Class CallArgumentTarget located in ./components/Application/Container/tests/Capabilities/Execution/Injection/Invocation/ResolveCallArgumentsSmokeTest.php does not comply with psr-4 autoloading standard (rule: Avax\Components\ => ./components). Skipping.
Class OpenScopeSmokeTest located in ./components/Application/Container/tests/Flows/OpenScope/OpenScopeSmokeTest.php does not comply with psr-4 autoloading standard (rule: Avax\Components\ => ./components). Skipping.
Class CloseScopeSmokeTest located in ./components/Application/Container/tests/Flows/CloseScope/CloseScopeSmokeTest.php does not comply with psr-4 autoloading standard (rule: Avax\Components\ => ./components). Skipping.
Class DeferredProvidedContract located in ./components/Application/Container/tests/Flows/BootProviders/BootProvidersSmokeTest.php does not comply with psr-4 autoloading standard (rule: Avax\Components\ => ./components). Skipping.
Class BootProvidersSmokeTest located in ./components/Application/Container/tests/Flows/BootProviders/BootProvidersSmokeTest.php does not comply with psr-4 autoloading standard (rule: Avax\Components\ => ./components). Skipping.
Class BaseProvider located in ./components/Application/Container/tests/Flows/BootProviders/BootProvidersSmokeTest.php does not comply with psr-4 autoloading standard (rule: Avax\Components\ => ./components). Skipping.
Class DemoProvider located in ./components/Application/Container/tests/Flows/BootProviders/BootProvidersSmokeTest.php does not comply with psr-4 autoloading standard (rule: Avax\Components\ => ./components). Skipping.
Class DeferredProvidedService located in ./components/Application/Container/tests/Flows/BootProviders/BootProvidersSmokeTest.php does not comply with psr-4 autoloading standard (rule: Avax\Components\ => ./components). Skipping.
Class DeferredProviderConsumer located in ./components/Application/Container/tests/Flows/BootProviders/BootProvidersSmokeTest.php does not comply with psr-4 autoloading standard (rule: Avax\Components\ => ./components). Skipping.
Class DeferredDemoProvider located in ./components/Application/Container/tests/Flows/BootProviders/BootProvidersSmokeTest.php does not comply with psr-4 autoloading standard (rule: Avax\Components\ => ./components). Skipping.
Class CycleProviderA located in ./components/Application/Container/tests/Flows/BootProviders/BootProvidersSmokeTest.php does not comply with psr-4 autoloading standard (rule: Avax\Components\ => ./components). Skipping.
Class CycleProviderB located in ./components/Application/Container/tests/Flows/BootProviders/BootProvidersSmokeTest.php does not comply with psr-4 autoloading standard (rule: Avax\Components\ => ./components). Skipping.
Class RegisterLoggerContract located in ./components/Application/Container/tests/Flows/RegisterServices/RegisterDependenciesSmokeTest.php does not comply with psr-4 autoloading standard (rule: Avax\Components\ => ./components). Skipping.
Class RegisterDependenciesSmokeTest located in ./components/Application/Container/tests/Flows/RegisterServices/RegisterDependenciesSmokeTest.php does not comply with psr-4 autoloading standard (rule: Avax\Components\ => ./components). Skipping.
Class SpecialRegisterLogger located in ./components/Application/Container/tests/Flows/RegisterServices/RegisterDependenciesSmokeTest.php does not comply with psr-4 autoloading standard (rule: Avax\Components\ => ./components). Skipping.
Class NeedsDefaultLogger located in ./components/Application/Container/tests/Flows/RegisterServices/RegisterDependenciesSmokeTest.php does not comply with psr-4 autoloading standard (rule: Avax\Components\ => ./components). Skipping.
Class NeedsSpecialLogger located in ./components/Application/Container/tests/Flows/RegisterServices/RegisterDependenciesSmokeTest.php does not comply with psr-4 autoloading standard (rule: Avax\Components\ => ./components). Skipping.
Class ExtensibleMessage located in ./components/Application/Container/tests/Flows/RegisterServices/RegisterDependenciesSmokeTest.php does not comply with psr-4 autoloading standard (rule: Avax\Components\ => ./components). Skipping.
Class MessageDecorator located in ./components/Application/Container/tests/Flows/RegisterServices/RegisterDependenciesSmokeTest.php does not comply with psr-4 autoloading standard (rule: Avax\Components\ => ./components). Skipping.
Class DeferredDependenciesSmokeTest located in ./components/Application/Container/tests/Flows/RegisterServices/DeferredDependenciesSmokeTest.php does not comply with psr-4 autoloading standard (rule: Avax\Components\ => ./components). Skipping.
Class DeferredWorkerService located in ./components/Application/Container/tests/Flows/RegisterServices/DeferredDependenciesSmokeTest.php does not comply with psr-4 autoloading standard (rule: Avax\Components\ => ./components). Skipping.
Class LazyProxySmokeTest located in ./components/Application/Container/tests/Flows/ResolveService/LazyProxySmokeTest.php does not comply with psr-4 autoloading standard (rule: Avax\Components\ => ./components). Skipping.
Class PolicyProfileSmokeTest located in ./components/Application/Container/tests/Flows/ResolveService/PolicyProfileSmokeTest.php does not comply with psr-4 autoloading standard (rule: Avax\Components\ => ./components). Skipping.
Class ConditionalInternalService located in ./components/Application/Container/tests/Flows/ResolveService/PolicyProfileSmokeTest.php does not comply with psr-4 autoloading standard (rule: Avax\Components\ => ./components). Skipping.
Class DiagnosticsContract located in ./components/Application/Container/tests/Flows/ResolveService/ContextAndDiagnosticsSmokeTest.php does not comply with psr-4 autoloading standard (rule: Avax\Components\ => ./components). Skipping.
Class ContextAndDiagnosticsSmokeTest located in ./components/Application/Container/tests/Flows/ResolveService/ContextAndDiagnosticsSmokeTest.php does not comply with psr-4 autoloading standard (rule: Avax\Components\ => ./components). Skipping.
Class ContextualNameConsumer located in ./components/Application/Container/tests/Flows/ResolveService/ContextAndDiagnosticsSmokeTest.php does not comply with psr-4 autoloading standard (rule: Avax\Components\ => ./components). Skipping.
Class DiagnosticsScopedService located in ./components/Application/Container/tests/Flows/ResolveService/ContextAndDiagnosticsSmokeTest.php does not comply with psr-4 autoloading standard (rule: Avax\Components\ => ./components). Skipping.
Class ContextualInjectionTarget located in ./components/Application/Container/tests/Flows/ResolveService/ContextAndDiagnosticsSmokeTest.php does not comply with psr-4 autoloading standard (rule: Avax\Components\ => ./components). Skipping.
Class PolicyAndStructureDiffSmokeTest located in ./components/Application/Container/tests/Flows/ResolveService/PolicyAndStructureDiffSmokeTest.php does not comply with psr-4 autoloading standard (rule: Avax\Components\ => ./components). Skipping.
Class PolicyDependencyB located in ./components/Application/Container/tests/Flows/ResolveService/PolicyAndStructureDiffSmokeTest.php does not comply with psr-4 autoloading standard (rule: Avax\Components\ => ./components). Skipping.
Class PolicyDependencyC located in ./components/Application/Container/tests/Flows/ResolveService/PolicyAndStructureDiffSmokeTest.php does not comply with psr-4 autoloading standard (rule: Avax\Components\ => ./components). Skipping.
Class PolicyDependencyD located in ./components/Application/Container/tests/Flows/ResolveService/PolicyAndStructureDiffSmokeTest.php does not comply with psr-4 autoloading standard (rule: Avax\Components\ => ./components). Skipping.
Class PolicyDependencyE located in ./components/Application/Container/tests/Flows/ResolveService/PolicyAndStructureDiffSmokeTest.php does not comply with psr-4 autoloading standard (rule: Avax\Components\ => ./components). Skipping.
Class PolicyDependencyF located in ./components/Application/Container/tests/Flows/ResolveService/PolicyAndStructureDiffSmokeTest.php does not comply with psr-4 autoloading standard (rule: Avax\Components\ => ./components). Skipping.
Class OverInjectedPolicyService located in ./components/Application/Container/tests/Flows/ResolveService/PolicyAndStructureDiffSmokeTest.php does not comply with psr-4 autoloading standard (rule: Avax\Components\ => ./components). Skipping.
Class OtherFlowLocal located in ./components/Application/Container/tests/Flows/ResolveService/PolicyAndStructureDiffSmokeTest.php does not comply with psr-4 autoloading standard (rule: Avax\Components\ => ./components). Skipping.
Class FlowToFlowEntry located in ./components/Application/Container/tests/Flows/ResolveService/PolicyAndStructureDiffSmokeTest.php does not comply with psr-4 autoloading standard (rule: Avax\Components\ => ./components). Skipping.
Class GenericHelperService located in ./components/Application/Container/tests/Flows/ResolveService/PolicyAndStructureDiffSmokeTest.php does not comply with psr-4 autoloading standard (rule: Avax\Components\ => ./components). Skipping.
Class StructureDiffService located in ./components/Application/Container/tests/Flows/ResolveService/PolicyAndStructureDiffSmokeTest.php does not comply with psr-4 autoloading standard (rule: Avax\Components\ => ./components). Skipping.
Class LocatorDriftService located in ./components/Application/Container/tests/Flows/ResolveService/PolicyAndStructureDiffSmokeTest.php does not comply with psr-4 autoloading standard (rule: Avax\Components\ => ./components). Skipping.
Class ResolveDependencySmokeTest located in ./components/Application/Container/tests/Flows/ResolveService/ResolveDependencySmokeTest.php does not comply with psr-4 autoloading standard (rule: Avax\Components\ => ./components). Skipping.
Class NeedsResolveGreeter located in ./components/Application/Container/tests/Flows/ResolveService/ResolveDependencySmokeTest.php does not comply with psr-4 autoloading standard (rule: Avax\Components\ => ./components). Skipping.
Class ResolveWithParameters located in ./components/Application/Container/tests/Flows/ResolveService/ResolveDependencySmokeTest.php does not comply with psr-4 autoloading standard (rule: Avax\Components\ => ./components). Skipping.
Class SlicePaymentGateway located in ./components/Application/Container/tests/Flows/ResolveService/SliceViewSmokeTest.php does not comply with psr-4 autoloading standard (rule: Avax\Components\ => ./components). Skipping.
Class SliceViewSmokeTest located in ./components/Application/Container/tests/Flows/ResolveService/SliceViewSmokeTest.php does not comply with psr-4 autoloading standard (rule: Avax\Components\ => ./components). Skipping.
Class SliceInternalAudit located in ./components/Application/Container/tests/Flows/ResolveService/SliceViewSmokeTest.php does not comply with psr-4 autoloading standard (rule: Avax\Components\ => ./components). Skipping.
Class SliceBillingEntry located in ./components/Application/Container/tests/Flows/ResolveService/SliceViewSmokeTest.php does not comply with psr-4 autoloading standard (rule: Avax\Components\ => ./components). Skipping.
Class SliceBillingHelper located in ./components/Application/Container/tests/Flows/ResolveService/SliceViewSmokeTest.php does not comply with psr-4 autoloading standard (rule: Avax\Components\ => ./components). Skipping.
Class SliceLoginSecret located in ./components/Application/Container/tests/Flows/ResolveService/SliceViewSmokeTest.php does not comply with psr-4 autoloading standard (rule: Avax\Components\ => ./components). Skipping.
Class SliceConfigProbe located in ./components/Application/Container/tests/Flows/ResolveService/SliceViewSmokeTest.php does not comply with psr-4 autoloading standard (rule: Avax\Components\ => ./components). Skipping.
Class SliceClock located in ./components/Application/Container/tests/Flows/ResolveService/SliceViewSmokeTest.php does not comply with psr-4 autoloading standard (rule: Avax\Components\ => ./components). Skipping.
Class SliceBillingOwnedService located in ./components/Application/Container/tests/Flows/ResolveService/SliceViewSmokeTest.php does not comply with psr-4 autoloading standard (rule: Avax\Components\ => ./components). Skipping.
Class DecoratedContract located in ./components/Application/Container/tests/Flows/ResolveService/DecoratorAndRuntimeInputSmokeTest.php does not comply with psr-4 autoloading standard (rule: Avax\Components\ => ./components). Skipping.
Class DecoratorAndRuntimeInputSmokeTest located in ./components/Application/Container/tests/Flows/ResolveService/DecoratorAndRuntimeInputSmokeTest.php does not comply with psr-4 autoloading standard (rule: Avax\Components\ => ./components). Skipping.
Class OwnedDecorator located in ./components/Application/Container/tests/Flows/ResolveService/DecoratorAndRuntimeInputSmokeTest.php does not comply with psr-4 autoloading standard (rule: Avax\Components\ => ./components). Skipping.
Class InvisibleDecorator located in ./components/Application/Container/tests/Flows/ResolveService/DecoratorAndRuntimeInputSmokeTest.php does not comply with psr-4 autoloading standard (rule: Avax\Components\ => ./components). Skipping.
Class RuntimeInputConsumer located in ./components/Application/Container/tests/Flows/ResolveService/DecoratorAndRuntimeInputSmokeTest.php does not comply with psr-4 autoloading standard (rule: Avax\Components\ => ./components). Skipping.
Class FirstGroupedStep located in ./components/Application/Container/tests/Flows/ResolveService/DecoratorAndRuntimeInputSmokeTest.php does not comply with psr-4 autoloading standard (rule: Avax\Components\ => ./components). Skipping.
Class SecondGroupedStep located in ./components/Application/Container/tests/Flows/ResolveService/DecoratorAndRuntimeInputSmokeTest.php does not comply with psr-4 autoloading standard (rule: Avax\Components\ => ./components). Skipping.
Class ConflictingGroupedStep located in ./components/Application/Container/tests/Flows/ResolveService/DecoratorAndRuntimeInputSmokeTest.php does not comply with psr-4 autoloading standard (rule: Avax\Components\ => ./components). Skipping.
Class OwnershipGateway located in ./components/Application/Container/tests/Flows/ResolveService/OwnershipCompositionSmokeTest.php does not comply with psr-4 autoloading standard (rule: Avax\Components\ => ./components). Skipping.
Class OwnershipCompositionSmokeTest located in ./components/Application/Container/tests/Flows/ResolveService/OwnershipCompositionSmokeTest.php does not comply with psr-4 autoloading standard (rule: Avax\Components\ => ./components). Skipping.
Class InternalAuditTrail located in ./components/Application/Container/tests/Flows/ResolveService/OwnershipCompositionSmokeTest.php does not comply with psr-4 autoloading standard (rule: Avax\Components\ => ./components). Skipping.
Class ScopedOwnershipState located in ./components/Application/Container/tests/Flows/ResolveService/OwnershipCompositionSmokeTest.php does not comply with psr-4 autoloading standard (rule: Avax\Components\ => ./components). Skipping.
Class BillingFlowUsesGateway located in ./components/Application/Container/tests/Flows/ResolveService/OwnershipCompositionSmokeTest.php does not comply with psr-4 autoloading standard (rule: Avax\Components\ => ./components). Skipping.
Class BillingFlowUsesInternalAudit located in ./components/Application/Container/tests/Flows/ResolveService/OwnershipCompositionSmokeTest.php does not comply with psr-4 autoloading standard (rule: Avax\Components\ => ./components). Skipping.
Class SharedOwnershipFacade located in ./components/Application/Container/tests/Flows/ResolveService/OwnershipCompositionSmokeTest.php does not comply with psr-4 autoloading standard (rule: Avax\Components\ => ./components). Skipping.
Class DevOnlyOwnershipProbe located in ./components/Application/Container/tests/Flows/ResolveService/OwnershipCompositionSmokeTest.php does not comply with psr-4 autoloading standard (rule: Avax\Components\ => ./components). Skipping.
Class PooledLifetimeSmokeTest located in ./components/Application/Container/tests/Flows/ResolveService/PooledLifetimeSmokeTest.php does not comply with psr-4 autoloading standard (rule: Avax\Components\ => ./components). Skipping.
Class ReusablePooledService located in ./components/Application/Container/tests/Flows/ResolveService/PooledLifetimeSmokeTest.php does not comply with psr-4 autoloading standard (rule: Avax\Components\ => ./components). Skipping.
Class UnsafePooledService located in ./components/Application/Container/tests/Flows/ResolveService/PooledLifetimeSmokeTest.php does not comply with psr-4 autoloading standard (rule: Avax\Components\ => ./components). Skipping.
Class PoolingContract located in ./components/Application/Container/tests/Flows/ResolveService/PoolingSemanticsSmokeTest.php does not comply with psr-4 autoloading standard (rule: Avax\Components\ => ./components). Skipping.
Class DeferredPoolingContract located in ./components/Application/Container/tests/Flows/ResolveService/PoolingSemanticsSmokeTest.php does not comply with psr-4 autoloading standard (rule: Avax\Components\ => ./components). Skipping.
Class PoolingSemanticsSmokeTest located in ./components/Application/Container/tests/Flows/ResolveService/PoolingSemanticsSmokeTest.php does not comply with psr-4 autoloading standard (rule: Avax\Components\ => ./components). Skipping.
Class PoolingService located in ./components/Application/Container/tests/Flows/ResolveService/PoolingSemanticsSmokeTest.php does not comply with psr-4 autoloading standard (rule: Avax\Components\ => ./components). Skipping.
Class PoolingDecorator located in ./components/Application/Container/tests/Flows/ResolveService/PoolingSemanticsSmokeTest.php does not comply with psr-4 autoloading standard (rule: Avax\Components\ => ./components). Skipping.
Class DeferredPoolingService located in ./components/Application/Container/tests/Flows/ResolveService/PoolingSemanticsSmokeTest.php does not comply with psr-4 autoloading standard (rule: Avax\Components\ => ./components). Skipping.
Class DeferredPoolingProvider located in ./components/Application/Container/tests/Flows/ResolveService/PoolingSemanticsSmokeTest.php does not comply with psr-4 autoloading standard (rule: Avax\Components\ => ./components). Skipping.
Class ConditionalGateway located in ./components/Application/Container/tests/Flows/ResolveService/ConditionalCompositionSmokeTest.php does not comply with psr-4 autoloading standard (rule: Avax\Components\ => ./components). Skipping.
Class ConditionalCompositionSmokeTest located in ./components/Application/Container/tests/Flows/ResolveService/ConditionalCompositionSmokeTest.php does not comply with psr-4 autoloading standard (rule: Avax\Components\ => ./components). Skipping.
Class OverrideConditionalGateway located in ./components/Application/Container/tests/Flows/ResolveService/ConditionalCompositionSmokeTest.php does not comply with psr-4 autoloading standard (rule: Avax\Components\ => ./components). Skipping.
Class CompiledSchemaCompatibilitySmokeTest located in ./components/Application/Container/tests/Flows/CreateContainer/CompiledSchemaCompatibilitySmokeTest.php does not comply with psr-4 autoloading standard (rule: Avax\Components\ => ./components). Skipping.
Class SchemaCompatibilityService located in ./components/Application/Container/tests/Flows/CreateContainer/CompiledSchemaCompatibilitySmokeTest.php does not comply with psr-4 autoloading standard (rule: Avax\Components\ => ./components). Skipping.
Class LifecycleContract located in ./components/Application/Container/tests/Flows/CreateContainer/ContainerLifecycleSmokeTest.php does not comply with psr-4 autoloading standard (rule: Avax\Components\ => ./components). Skipping.
Class ContainerLifecycleSmokeTest located in ./components/Application/Container/tests/Flows/CreateContainer/ContainerLifecycleSmokeTest.php does not comply with psr-4 autoloading standard (rule: Avax\Components\ => ./components). Skipping.
Class LifecycleScopedService located in ./components/Application/Container/tests/Flows/CreateContainer/ContainerLifecycleSmokeTest.php does not comply with psr-4 autoloading standard (rule: Avax\Components\ => ./components). Skipping.
Class CreateGreeterContract located in ./components/Application/Container/tests/Flows/CreateContainer/CreateContainerSmokeTest.php does not comply with psr-4 autoloading standard (rule: Avax\Components\ => ./components). Skipping.
Class CreateContainerSmokeTest located in ./components/Application/Container/tests/Flows/CreateContainer/CreateContainerSmokeTest.php does not comply with psr-4 autoloading standard (rule: Avax\Components\ => ./components). Skipping.
Class NeedsCreateGreeter located in ./components/Application/Container/tests/Flows/CreateContainer/CreateContainerSmokeTest.php does not comply with psr-4 autoloading standard (rule: Avax\Components\ => ./components). Skipping.
Class CompiledIntegritySmokeTest located in ./components/Application/Container/tests/Flows/CreateContainer/CompiledIntegritySmokeTest.php does not comply with psr-4 autoloading standard (rule: Avax\Components\ => ./components). Skipping.
Class IntegrityTarget located in ./components/Application/Container/tests/Flows/CreateContainer/CompiledIntegritySmokeTest.php does not comply with psr-4 autoloading standard (rule: Avax\Components\ => ./components). Skipping.
Class CompiledGreeterContract located in ./components/Application/Container/tests/Flows/CreateContainer/CompiledContainerSmokeTest.php does not comply with psr-4 autoloading standard (rule: Avax\Components\ => ./components). Skipping.
Class CompiledContainerSmokeTest located in ./components/Application/Container/tests/Flows/CreateContainer/CompiledContainerSmokeTest.php does not comply with psr-4 autoloading standard (rule: Avax\Components\ => ./components). Skipping.
Class CompiledNeedsGreeter located in ./components/Application/Container/tests/Flows/CreateContainer/CompiledContainerSmokeTest.php does not comply with psr-4 autoloading standard (rule: Avax\Components\ => ./components). Skipping.
Class CompiledConfiguredMessage located in ./components/Application/Container/tests/Flows/CreateContainer/CompiledContainerSmokeTest.php does not comply with psr-4 autoloading standard (rule: Avax\Components\ => ./components). Skipping.
Class CompiledNeedsObjectArgument located in ./components/Application/Container/tests/Flows/CreateContainer/CompiledContainerSmokeTest.php does not comply with psr-4 autoloading standard (rule: Avax\Components\ => ./components). Skipping.
Class PruningSmokeTest located in ./components/Application/Container/tests/Flows/CreateContainer/PruningSmokeTest.php does not comply with psr-4 autoloading standard (rule: Avax\Components\ => ./components). Skipping.
Class PrunedFlowEntry located in ./components/Application/Container/tests/Flows/CreateContainer/PruningSmokeTest.php does not comply with psr-4 autoloading standard (rule: Avax\Components\ => ./components). Skipping.
Class DeadPrunableService located in ./components/Application/Container/tests/Flows/CreateContainer/PruningSmokeTest.php does not comply with psr-4 autoloading standard (rule: Avax\Components\ => ./components). Skipping.
Class CompiledCacheSmokeTest located in ./components/Application/Container/tests/Flows/CreateContainer/CompiledCacheSmokeTest.php does not comply with psr-4 autoloading standard (rule: Avax\Components\ => ./components). Skipping.
Class CompiledCacheTarget located in ./components/Application/Container/tests/Flows/CreateContainer/CompiledCacheSmokeTest.php does not comply with psr-4 autoloading standard (rule: Avax\Components\ => ./components). Skipping.
Class WorkerRequestLifecycleSmokeTest located in ./components/Application/Container/tests/Flows/CreateContainer/WorkerRequestLifecycleSmokeTest.php does not comply with psr-4 autoloading standard (rule: Avax\Components\ => ./components). Skipping.
Class WorkerScopedService located in ./components/Application/Container/tests/Flows/CreateContainer/WorkerRequestLifecycleSmokeTest.php does not comply with psr-4 autoloading standard (rule: Avax\Components\ => ./components). Skipping.
Class DeterministicOrderingSmokeTest located in ./components/Application/Container/tests/Flows/CreateContainer/DeterministicOrderingSmokeTest.php does not comply with psr-4 autoloading standard (rule: Avax\Components\ => ./components). Skipping.
Class OrderingProviderBeta located in ./components/Application/Container/tests/Flows/CreateContainer/DeterministicOrderingSmokeTest.php does not comply with psr-4 autoloading standard (rule: Avax\Components\ => ./components). Skipping.
Class OrderingProviderGamma located in ./components/Application/Container/tests/Flows/CreateContainer/DeterministicOrderingSmokeTest.php does not comply with psr-4 autoloading standard (rule: Avax\Components\ => ./components). Skipping.
Class OrderingTaggedA located in ./components/Application/Container/tests/Flows/CreateContainer/DeterministicOrderingSmokeTest.php does not comply with psr-4 autoloading standard (rule: Avax\Components\ => ./components). Skipping.
Class OrderingTaggedB located in ./components/Application/Container/tests/Flows/CreateContainer/DeterministicOrderingSmokeTest.php does not comply with psr-4 autoloading standard (rule: Avax\Components\ => ./components). Skipping.
Class OrderingTaggedC located in ./components/Application/Container/tests/Flows/CreateContainer/DeterministicOrderingSmokeTest.php does not comply with psr-4 autoloading standard (rule: Avax\Components\ => ./components). Skipping.
Class OrderingDecoratedService located in ./components/Application/Container/tests/Flows/CreateContainer/DeterministicOrderingSmokeTest.php does not comply with psr-4 autoloading standard (rule: Avax\Components\ => ./components). Skipping.
Class OrderingFirstDecorator located in ./components/Application/Container/tests/Flows/CreateContainer/DeterministicOrderingSmokeTest.php does not comply with psr-4 autoloading standard (rule: Avax\Components\ => ./components). Skipping.
Class OrderingSecondDecorator located in ./components/Application/Container/tests/Flows/CreateContainer/DeterministicOrderingSmokeTest.php does not comply with psr-4 autoloading standard (rule: Avax\Components\ => ./components). Skipping.
Class OrderingArtifactDependency located in ./components/Application/Container/tests/Flows/CreateContainer/DeterministicOrderingSmokeTest.php does not comply with psr-4 autoloading standard (rule: Avax\Components\ => ./components). Skipping.
Class OrderingArtifactService located in ./components/Application/Container/tests/Flows/CreateContainer/DeterministicOrderingSmokeTest.php does not comply with psr-4 autoloading standard (rule: Avax\Components\ => ./components). Skipping.
Class CompiledCompatibilitySmokeTest located in ./components/Application/Container/tests/Flows/CreateContainer/CompiledCompatibilitySmokeTest.php does not comply with psr-4 autoloading standard (rule: Avax\Components\ => ./components). Skipping.
Class CompatibilityTarget located in ./components/Application/Container/tests/Flows/CreateContainer/CompiledCompatibilitySmokeTest.php does not comply with psr-4 autoloading standard (rule: Avax\Components\ => ./components). Skipping.
Class ExecutionModeSmokeTest located in ./components/Application/Container/tests/Flows/CreateContainer/ExecutionModeSmokeTest.php does not comply with psr-4 autoloading standard (rule: Avax\Components\ => ./components). Skipping.
Class ExecutionModeService located in ./components/Application/Container/tests/Flows/CreateContainer/ExecutionModeSmokeTest.php does not comply with psr-4 autoloading standard (rule: Avax\Components\ => ./components). Skipping.
Class FreshnessDependencyContract located in ./components/Application/Container/tests/Flows/CreateContainer/CompiledFreshnessSmokeTest.php does not comply with psr-4 autoloading standard (rule: Avax\Components\ => ./components). Skipping.
Class CompiledFreshnessSmokeTest located in ./components/Application/Container/tests/Flows/CreateContainer/CompiledFreshnessSmokeTest.php does not comply with psr-4 autoloading standard (rule: Avax\Components\ => ./components). Skipping.
Class FreshnessDependencyV2 located in ./components/Application/Container/tests/Flows/CreateContainer/CompiledFreshnessSmokeTest.php does not comply with psr-4 autoloading standard (rule: Avax\Components\ => ./components). Skipping.
Class FreshnessConsumer located in ./components/Application/Container/tests/Flows/CreateContainer/CompiledFreshnessSmokeTest.php does not comply with psr-4 autoloading standard (rule: Avax\Components\ => ./components). Skipping.
Class CompileReportContract located in ./components/Application/Container/tests/Flows/CreateContainer/CompileReportSmokeTest.php does not comply with psr-4 autoloading standard (rule: Avax\Components\ => ./components). Skipping.
Class CompileReportSmokeTest located in ./components/Application/Container/tests/Flows/CreateContainer/CompileReportSmokeTest.php does not comply with psr-4 autoloading standard (rule: Avax\Components\ => ./components). Skipping.
Class CompileReportDeferredService located in ./components/Application/Container/tests/Flows/CreateContainer/CompileReportSmokeTest.php does not comply with psr-4 autoloading standard (rule: Avax\Components\ => ./components). Skipping.
Class CompileReportService located in ./components/Application/Container/tests/Flows/CreateContainer/CompileReportSmokeTest.php does not comply with psr-4 autoloading standard (rule: Avax\Components\ => ./components). Skipping.
Class CallGreeterContract located in ./components/Application/Container/tests/Flows/CallFunction/CallFunctionSmokeTest.php does not comply with psr-4 autoloading standard (rule: Avax\Components\ => ./components). Skipping.
Class CallFunctionSmokeTest located in ./components/Application/Container/tests/Flows/CallFunction/CallFunctionSmokeTest.php does not comply with psr-4 autoloading standard (rule: Avax\Components\ => ./components). Skipping.
Class CallAction located in ./components/Application/Container/tests/Flows/CallFunction/CallFunctionSmokeTest.php does not comply with psr-4 autoloading standard (rule: Avax\Components\ => ./components). Skipping.
Class ArtifactBenchmarkPeerAdapter located in ./components/Application/Container/tests/benchmarks/adapters/ArtifactBenchmarkPeerAdapter.php does not comply with psr-4 autoloading standard (rule: Avax\Components\ => ./components). Skipping.
Class BenchmarkPeerAdapter located in ./components/Application/Container/tests/benchmarks/adapters/BenchmarkPeerAdapter.php does not comply with psr-4 autoloading standard (rule: Avax\Components\ => ./components). Skipping.
Class BenchDeferredProviderContract located in ./components/Application/Container/tests/benchmarks/run.php does not comply with psr-4 autoloading standard (rule: Avax\Components\ => ./components). Skipping.
Class run located in ./components/Application/Container/tests/benchmarks/run.php does not comply with psr-4 autoloading standard (rule: Avax\Components\ => ./components). Skipping.
Class BenchTransientService located in ./components/Application/Container/tests/benchmarks/run.php does not comply with psr-4 autoloading standard (rule: Avax\Components\ => ./components). Skipping.
Class BenchScopedService located in ./components/Application/Container/tests/benchmarks/run.php does not comply with psr-4 autoloading standard (rule: Avax\Components\ => ./components). Skipping.
Class BenchPooledService located in ./components/Application/Container/tests/benchmarks/run.php does not comply with psr-4 autoloading standard (rule: Avax\Components\ => ./components). Skipping.
Class BenchLazyService located in ./components/Application/Container/tests/benchmarks/run.php does not comply with psr-4 autoloading standard (rule: Avax\Components\ => ./components). Skipping.
Class BenchDeferredService located in ./components/Application/Container/tests/benchmarks/run.php does not comply with psr-4 autoloading standard (rule: Avax\Components\ => ./components). Skipping.
Class BenchDeferredProviderService located in ./components/Application/Container/tests/benchmarks/run.php does not comply with psr-4 autoloading standard (rule: Avax\Components\ => ./components). Skipping.
Class BenchDeferredProvider located in ./components/Application/Container/tests/benchmarks/run.php does not comply with psr-4 autoloading standard (rule: Avax\Components\ => ./components). Skipping.
Class BenchDeep5 located in ./components/Application/Container/tests/benchmarks/run.php does not comply with psr-4 autoloading standard (rule: Avax\Components\ => ./components). Skipping.
Class BenchDeep4 located in ./components/Application/Container/tests/benchmarks/run.php does not comply with psr-4 autoloading standard (rule: Avax\Components\ => ./components). Skipping.
Class BenchDeep3 located in ./components/Application/Container/tests/benchmarks/run.php does not comply with psr-4 autoloading standard (rule: Avax\Components\ => ./components). Skipping.
Class BenchDeep2 located in ./components/Application/Container/tests/benchmarks/run.php does not comply with psr-4 autoloading standard (rule: Avax\Components\ => ./components). Skipping.
Class BenchDeep1 located in ./components/Application/Container/tests/benchmarks/run.php does not comply with psr-4 autoloading standard (rule: Avax\Components\ => ./components). Skipping.
Class BenchWideRoot located in ./components/Application/Container/tests/benchmarks/run.php does not comply with psr-4 autoloading standard (rule: Avax\Components\ => ./components). Skipping.
Class BenchWide1 located in ./components/Application/Container/tests/benchmarks/run.php does not comply with psr-4 autoloading standard (rule: Avax\Components\ => ./components). Skipping.
Class BenchWide2 located in ./components/Application/Container/tests/benchmarks/run.php does not comply with psr-4 autoloading standard (rule: Avax\Components\ => ./components). Skipping.
Class BenchWide3 located in ./components/Application/Container/tests/benchmarks/run.php does not comply with psr-4 autoloading standard (rule: Avax\Components\ => ./components). Skipping.
Class BenchWide4 located in ./components/Application/Container/tests/benchmarks/run.php does not comply with psr-4 autoloading standard (rule: Avax\Components\ => ./components). Skipping.
Class BenchWide5 located in ./components/Application/Container/tests/benchmarks/run.php does not comply with psr-4 autoloading standard (rule: Avax\Components\ => ./components). Skipping.
Class BenchInjectionTarget located in ./components/Application/Container/tests/benchmarks/run.php does not comply with psr-4 autoloading standard (rule: Avax\Components\ => ./components). Skipping.
Class ValidateReportSchemasReportSchemas located in ./components/Application/Container/tests/diagnostics/validate-report-schemas.php does not comply with psr-4 autoloading standard (rule: Avax\Components\ => ./components). Skipping.
Class DiagnosticsSchemaConsumer located in ./components/Application/Container/tests/diagnostics/validate-report-schemas.php does not comply with psr-4 autoloading standard (rule: Avax\Components\ => ./components). Skipping.
Class graph_tool_fixture located in ./components/Application/Container/tests/fixtures/graph_tool_fixture.php does not comply with psr-4 autoloading standard (rule: Avax\Components\ => ./components). Skipping.
Class GraphToolIdentitySecret located in ./components/Application/Container/tests/fixtures/graph_tool_fixture.php does not comply with psr-4 autoloading standard (rule: Avax\Components\ => ./components). Skipping.
Class GraphToolLoginEntry located in ./components/Application/Container/tests/fixtures/graph_tool_fixture.php does not comply with psr-4 autoloading standard (rule: Avax\Components\ => ./components). Skipping.
Class GraphToolStructureTarget located in ./components/Application/Container/tests/fixtures/graph_tool_fixture.php does not comply with psr-4 autoloading standard (rule: Avax\Components\ => ./components). Skipping.
Class GraphToolStepOne located in ./components/Application/Container/tests/fixtures/graph_tool_fixture.php does not comply with psr-4 autoloading standard (rule: Avax\Components\ => ./components). Skipping.
Class GraphToolStepTwo located in ./components/Application/Container/tests/fixtures/graph_tool_fixture.php does not comply with psr-4 autoloading standard (rule: Avax\Components\ => ./components). Skipping.
Class generated_runtime_fixture located in ./components/Application/Container/tests/fixtures/generated_runtime_fixture.php does not comply with psr-4 autoloading standard (rule: Avax\Components\ => ./components). Skipping.
Class GeneratedFixtureEntry located in ./components/Application/Container/tests/fixtures/generated_runtime_fixture.php does not comply with psr-4 autoloading standard (rule: Avax\Components\ => ./components). Skipping.
Class analysis_hints_fixture located in ./components/Application/Container/tests/fixtures/analysis_hints_fixture.php does not comply with psr-4 autoloading standard (rule: Avax\Components\ => ./components). Skipping.
Class HintPipelineStepA located in ./components/Application/Container/tests/fixtures/analysis_hints_fixture.php does not comply with psr-4 autoloading standard (rule: Avax\Components\ => ./components). Skipping.
Class HintPipelineStepB located in ./components/Application/Container/tests/fixtures/analysis_hints_fixture.php does not comply with psr-4 autoloading standard (rule: Avax\Components\ => ./components). Skipping.
Class HintRuntimeInputConsumer located in ./components/Application/Container/tests/fixtures/analysis_hints_fixture.php does not comply with psr-4 autoloading standard (rule: Avax\Components\ => ./components). Skipping.
Class HintConditionalService located in ./components/Application/Container/tests/fixtures/analysis_hints_fixture.php does not comply with psr-4 autoloading standard (rule: Avax\Components\ => ./components). Skipping.
Generated optimized autoload files containing 6594 classes
== Architecture checks ==
PASS
PASS
PASS
PASS
== PHPStan persistence ==
Note: Using configuration file /home/shomsy/projects/avax/phpstan.neon.
Wrote Code-Review-And-ToDo/recovery-reports/persistence-phpstan-families.md
== PublicSurface smoke ==
Wrote tests/Unit/Generated/DataStackPersistencePublicSurfaceSmokeTest.php
PHPUnit 10.5.63 by Sebastian Bergmann and contributors.

Runtime:       PHP 8.5.5
Configuration: /home/shomsy/projects/avax/phpunit.xml

..                                                                  2 / 2 (100%)

Time: 00:00.002, Memory: 10.00 MB

OK (2 tests, 2 assertions)
== Report-only guard ==
Changed files:
- .phpunit.cache/test-results
- Code-Review-And-ToDo/recovery-reports/
- Code-Review-And-ToDo/recovery-staging/
- Makefile.recovery
- tests/Unit/Generated/
- tooling/recovery/

Production-impacting files detected:
- tests/Unit/Generated/
DONE. See Code-Review-And-ToDo/recovery-reports/
